Pressure_psia,Temperature_F,Gas_SG,CO2_fraction,N2_fraction,Viscosity_cp
1450.4,80.3,0.5539,0.0,0.0,0.013753
1450.4,116.3,0.5539,0.0,0.0,0.014043
1450.4,152.3,0.5539,0.0,0.0,0.014412
1450.4,188.3,0.5539,0.0,0.0,0.014824
1450.4,224.3,0.5539,0.0,0.0,0.015262
1450.4,260.3,0.5539,0.0,0.0,0.015714
1450.4,296.3,0.5539,0.0,0.0,0.016176
1450.4,332.3,0.5539,0.0,0.0,0.016641
1450.4,368.3,0.5539,0.0,0.0,0.017108
1450.4,404.3,0.5539,0.0,0.0,0.017574
1450.4,440.3,0.5539,0.0,0.0,0.018038
1450.4,476.3,0.5539,0.0,0.0,0.018499
1450.4,512.3,0.5539,0.0,0.0,0.018957
1450.4,548.3,0.5539,0.0,0.0,0.019411
1450.4,584.3,0.5539,0.0,0.0,0.019861
1450.4,620.3,0.5539,0.0,0.0,0.020307
1450.4,656.3,0.5539,0.0,0.0,0.020748
2175.6,80.3,0.5539,0.0,0.0,0.016197
2175.6,116.3,0.5539,0.0,0.0,0.016005
2175.6,152.3,0.5539,0.0,0.0,0.016048
2175.6,188.3,0.5539,0.0,0.0,0.016228
2175.6,224.3,0.5539,0.0,0.0,0.016492
2175.6,260.3,0.5539,0.0,0.0,0.01681
2175.6,296.3,0.5539,0.0,0.0,0.017164
2175.6,332.3,0.5539,0.0,0.0,0.017542
2175.6,368.3,0.5539,0.0,0.0,0.017936
2175.6,404.3,0.5539,0.0,0.0,0.018341
2175.6,440.3,0.5539,0.0,0.0,0.018753
2175.6,476.3,0.5539,0.0,0.0,0.019169
2175.6,512.3,0.5539,0.0,0.0,0.019587
2175.6,548.3,0.5539,0.0,0.0,0.020006
2175.6,584.3,0.5539,0.0,0.0,0.020426
2175.6,620.3,0.5539,0.0,0.0,0.020844
2175.6,656.3,0.5539,0.0,0.0,0.02126
2900.8,80.3,0.5539,0.0,0.0,0.019068
2900.8,116.3,0.5539,0.0,0.0,0.018328
2900.8,152.3,0.5539,0.0,0.0,0.017978
2900.8,188.3,0.5539,0.0,0.0,0.017871
2900.8,224.3,0.5539,0.0,0.0,0.017918
2900.8,260.3,0.5539,0.0,0.0,0.018068
2900.8,296.3,0.5539,0.0,0.0,0.018289
2900.8,332.3,0.5539,0.0,0.0,0.018559
2900.8,368.3,0.5539,0.0,0.0,0.018864
2900.8,404.3,0.5539,0.0,0.0,0.019194
2900.8,440.3,0.5539,0.0,0.0,0.019542
2900.8,476.3,0.5539,0.0,0.0,0.019904
2900.8,512.3,0.5539,0.0,0.0,0.020275
2900.8,548.3,0.5539,0.0,0.0,0.020653
2900.8,584.3,0.5539,0.0,0.0,0.021036
2900.8,620.3,0.5539,0.0,0.0,0.021422
2900.8,656.3,0.5539,0.0,0.0,0.021809
3626.0,80.3,0.5539,0.0,0.0,0.021958
3626.0,116.3,0.5539,0.0,0.0,0.020764
3626.0,152.3,0.5539,0.0,0.0,0.020045
3626.0,188.3,0.5539,0.0,0.0,0.019647
3626.0,224.3,0.5539,0.0,0.0,0.019466
3626.0,260.3,0.5539,0.0,0.0,0.019434
3626.0,296.3,0.5539,0.0,0.0,0.019509
3626.0,332.3,0.5539,0.0,0.0,0.019659
3626.0,368.3,0.5539,0.0,0.0,0.019864
3626.0,404.3,0.5539,0.0,0.0,0.020111
3626.0,440.3,0.5539,0.0,0.0,0.020389
3626.0,476.3,0.5539,0.0,0.0,0.02069
3626.0,512.3,0.5539,0.0,0.0,0.021008
3626.0,548.3,0.5539,0.0,0.0,0.02134
3626.0,584.3,0.5539,0.0,0.0,0.021683
3626.0,620.3,0.5539,0.0,0.0,0.022033
3626.0,656.3,0.5539,0.0,0.0,0.022388
4351.1,80.3,0.5539,0.0,0.0,0.024673
4351.1,116.3,0.5539,0.0,0.0,0.023144
4351.1,152.3,0.5539,0.0,0.0,0.022122
4351.1,188.3,0.5539,0.0,0.0,0.021464
4351.1,224.3,0.5539,0.0,0.0,0.021067
4351.1,260.3,0.5539,0.0,0.0,0.020857
4351.1,296.3,0.5539,0.0,0.0,0.020784
4351.1,332.3,0.5539,0.0,0.0,0.020812
4351.1,368.3,0.5539,0.0,0.0,0.020914
4351.1,404.3,0.5539,0.0,0.0,0.021074
4351.1,440.3,0.5539,0.0,0.0,0.021276
4351.1,476.3,0.5539,0.0,0.0,0.021513
4351.1,512.3,0.5539,0.0,0.0,0.021776
4351.1,548.3,0.5539,0.0,0.0,0.022058
4351.1,584.3,0.5539,0.0,0.0,0.022358
4351.1,620.3,0.5539,0.0,0.0,0.022669
4351.1,656.3,0.5539,0.0,0.0,0.022991
5076.3,80.3,0.5539,0.0,0.0,0.027179
5076.3,116.3,0.5539,0.0,0.0,0.025402
5076.3,152.3,0.5539,0.0,0.0,0.024139
5076.3,188.3,0.5539,0.0,0.0,0.023262
5076.3,224.3,0.5539,0.0,0.0,0.022673
5076.3,260.3,0.5539,0.0,0.0,0.022298
5076.3,296.3,0.5539,0.0,0.0,0.022084
5076.3,332.3,0.5539,0.0,0.0,0.021992
5076.3,368.3,0.5539,0.0,0.0,0.021992
5076.3,404.3,0.5539,0.0,0.0,0.022064
5076.3,440.3,0.5539,0.0,0.0,0.022191
5076.3,476.3,0.5539,0.0,0.0,0.022361
5076.3,512.3,0.5539,0.0,0.0,0.022566
5076.3,548.3,0.5539,0.0,0.0,0.022799
5076.3,584.3,0.5539,0.0,0.0,0.023053
5076.3,620.3,0.5539,0.0,0.0,0.023325
5076.3,656.3,0.5539,0.0,0.0,0.023611
5801.5,80.3,0.5539,0.0,0.0,0.029498
5801.5,116.3,0.5539,0.0,0.0,0.027527
5801.5,152.3,0.5539,0.0,0.0,0.02607
5801.5,188.3,0.5539,0.0,0.0,0.02501
5801.5,224.3,0.5539,0.0,0.0,0.024254
5801.5,260.3,0.5539,0.0,0.0,0.02373
5801.5,296.3,0.5539,0.0,0.0,0.023386
5801.5,332.3,0.5539,0.0,0.0,0.02318
5801.5,368.3,0.5539,0.0,0.0,0.023082
5801.5,404.3,0.5539,0.0,0.0,0.023068
5801.5,440.3,0.5539,0.0,0.0,0.02312
5801.5,476.3,0.5539,0.0,0.0,0.023225
5801.5,512.3,0.5539,0.0,0.0,0.023373
5801.5,548.3,0.5539,0.0,0.0,0.023554
5801.5,584.3,0.5539,0.0,0.0,0.023763
5801.5,620.3,0.5539,0.0,0.0,0.023994
5801.5,656.3,0.5539,0.0,0.0,0.024244
6526.7,80.3,0.5539,0.0,0.0,0.03166
6526.7,116.3,0.5539,0.0,0.0,0.02953
6526.7,152.3,0.5539,0.0,0.0,0.027912
6526.7,188.3,0.5539,0.0,0.0,0.026696
6526.7,224.3,0.5539,0.0,0.0,0.025794
6526.7,260.3,0.5539,0.0,0.0,0.025138
6526.7,296.3,0.5539,0.0,0.0,0.024675
6526.7,332.3,0.5539,0.0,0.0,0.024364
6526.7,368.3,0.5539,0.0,0.0,0.024173
6526.7,404.3,0.5539,0.0,0.0,0.024076
6526.7,440.3,0.5539,0.0,0.0,0.024056
6526.7,476.3,0.5539,0.0,0.0,0.024097
6526.7,512.3,0.5539,0.0,0.0,0.024187
6526.7,548.3,0.5539,0.0,0.0,0.024318
6526.7,584.3,0.5539,0.0,0.0,0.024482
6526.7,620.3,0.5539,0.0,0.0,0.024673
6526.7,656.3,0.5539,0.0,0.0,0.024886
7251.9,80.3,0.5539,0.0,0.0,0.033695
7251.9,116.3,0.5539,0.0,0.0,0.031426
7251.9,152.3,0.5539,0.0,0.0,0.029669
7251.9,188.3,0.5539,0.0,0.0,0.028318
7251.9,224.3,0.5539,0.0,0.0,0.027289
7251.9,260.3,0.5539,0.0,0.0,0.026514
7251.9,296.3,0.5539,0.0,0.0,0.025944
7251.9,332.3,0.5539,0.0,0.0,0.025535
7251.9,368.3,0.5539,0.0,0.0,0.025256
7251.9,404.3,0.5539,0.0,0.0,0.025082
7251.9,440.3,0.5539,0.0,0.0,0.024992
7251.9,476.3,0.5539,0.0,0.0,0.024971
7251.9,512.3,0.5539,0.0,0.0,0.025006
7251.9,548.3,0.5539,0.0,0.0,0.025087
7251.9,584.3,0.5539,0.0,0.0,0.025206
7251.9,620.3,0.5539,0.0,0.0,0.025356
7251.9,656.3,0.5539,0.0,0.0,0.025533
7977.1,80.3,0.5539,0.0,0.0,0.035625
7977.1,116.3,0.5539,0.0,0.0,0.033232
7977.1,152.3,0.5539,0.0,0.0,0.031352
7977.1,188.3,0.5539,0.0,0.0,0.029881
7977.1,224.3,0.5539,0.0,0.0,0.028737
7977.1,260.3,0.5539,0.0,0.0,0.027856
7977.1,296.3,0.5539,0.0,0.0,0.027186
7977.1,332.3,0.5539,0.0,0.0,0.026688
7977.1,368.3,0.5539,0.0,0.0,0.026327
7977.1,404.3,0.5539,0.0,0.0,0.026079
7977.1,440.3,0.5539,0.0,0.0,0.025923
7977.1,476.3,0.5539,0.0,0.0,0.025842
7977.1,512.3,0.5539,0.0,0.0,0.025824
7977.1,548.3,0.5539,0.0,0.0,0.025856
7977.1,584.3,0.5539,0.0,0.0,0.025932
7977.1,620.3,0.5539,0.0,0.0,0.026043
7977.1,656.3,0.5539,0.0,0.0,0.026184
8702.3,80.3,0.5539,0.0,0.0,0.03747
8702.3,116.3,0.5539,0.0,0.0,0.034961
8702.3,152.3,0.5539,0.0,0.0,0.032969
8702.3,188.3,0.5539,0.0,0.0,0.031388
8702.3,224.3,0.5539,0.0,0.0,0.030141
8702.3,260.3,0.5539,0.0,0.0,0.029162
8702.3,296.3,0.5539,0.0,0.0,0.028402
8702.3,332.3,0.5539,0.0,0.0,0.02782
8702.3,368.3,0.5539,0.0,0.0,0.027384
8702.3,404.3,0.5539,0.0,0.0,0.027066
8702.3,440.3,0.5539,0.0,0.0,0.026847
8702.3,476.3,0.5539,0.0,0.0,0.026709
8702.3,512.3,0.5539,0.0,0.0,0.026638
8702.3,548.3,0.5539,0.0,0.0,0.026624
8702.3,584.3,0.5539,0.0,0.0,0.026657
8702.3,620.3,0.5539,0.0,0.0,0.026729
8702.3,656.3,0.5539,0.0,0.0,0.026835
9427.5,80.3,0.5539,0.0,0.0,0.039242
9427.5,116.3,0.5539,0.0,0.0,0.036626
9427.5,152.3,0.5539,0.0,0.0,0.034528
9427.5,188.3,0.5539,0.0,0.0,0.032848
9427.5,224.3,0.5539,0.0,0.0,0.031504
9427.5,260.3,0.5539,0.0,0.0,0.030436
9427.5,296.3,0.5539,0.0,0.0,0.029592
9427.5,332.3,0.5539,0.0,0.0,0.028932
9427.5,368.3,0.5539,0.0,0.0,0.028423
9427.5,404.3,0.5539,0.0,0.0,0.02804
9427.5,440.3,0.5539,0.0,0.0,0.027761
9427.5,476.3,0.5539,0.0,0.0,0.027568
9427.5,512.3,0.5539,0.0,0.0,0.027448
9427.5,548.3,0.5539,0.0,0.0,0.027388
9427.5,584.3,0.5539,0.0,0.0,0.02738
9427.5,620.3,0.5539,0.0,0.0,0.027414
9427.5,656.3,0.5539,0.0,0.0,0.027486
10152.7,80.3,0.5539,0.0,0.0,0.040954
10152.7,116.3,0.5539,0.0,0.0,0.038235
10152.7,152.3,0.5539,0.0,0.0,0.036038
10152.7,188.3,0.5539,0.0,0.0,0.034263
10152.7,224.3,0.5539,0.0,0.0,0.032831
10152.7,260.3,0.5539,0.0,0.0,0.031678
10152.7,296.3,0.5539,0.0,0.0,0.030755
10152.7,332.3,0.5539,0.0,0.0,0.030022
10152.7,368.3,0.5539,0.0,0.0,0.029446
10152.7,404.3,0.5539,0.0,0.0,0.029001
10152.7,440.3,0.5539,0.0,0.0,0.028665
10152.7,476.3,0.5539,0.0,0.0,0.02842
10152.7,512.3,0.5539,0.0,0.0,0.028251
10152.7,548.3,0.5539,0.0,0.0,0.028148
10152.7,584.3,0.5539,0.0,0.0,0.028099
10152.7,620.3,0.5539,0.0,0.0,0.028097
10152.7,656.3,0.5539,0.0,0.0,0.028135
10877.9,80.3,0.5539,0.0,0.0,0.042615
10877.9,116.3,0.5539,0.0,0.0,0.039796
10877.9,152.3,0.5539,0.0,0.0,0.037506
10877.9,188.3,0.5539,0.0,0.0,0.035641
10877.9,224.3,0.5539,0.0,0.0,0.034124
10877.9,260.3,0.5539,0.0,0.0,0.032892
10877.9,296.3,0.5539,0.0,0.0,0.031895
10877.9,332.3,0.5539,0.0,0.0,0.031093
10877.9,368.3,0.5539,0.0,0.0,0.030453
10877.9,404.3,0.5539,0.0,0.0,0.029948
10877.9,440.3,0.5539,0.0,0.0,0.029557
10877.9,476.3,0.5539,0.0,0.0,0.029262
10877.9,512.3,0.5539,0.0,0.0,0.029048
10877.9,548.3,0.5539,0.0,0.0,0.028902
10877.9,584.3,0.5539,0.0,0.0,0.028814
10877.9,620.3,0.5539,0.0,0.0,0.028777
10877.9,656.3,0.5539,0.0,0.0,0.028781
11603.0,80.3,0.5539,0.0,0.0,0.044232
11603.0,116.3,0.5539,0.0,0.0,0.041317
11603.0,152.3,0.5539,0.0,0.0,0.038936
11603.0,188.3,0.5539,0.0,0.0,0.036986
11603.0,224.3,0.5539,0.0,0.0,0.035388
11603.0,260.3,0.5539,0.0,0.0,0.03408
11603.0,296.3,0.5539,0.0,0.0,0.033013
11603.0,332.3,0.5539,0.0,0.0,0.032144
11603.0,368.3,0.5539,0.0,0.0,0.031443
11603.0,404.3,0.5539,0.0,0.0,0.030882
11603.0,440.3,0.5539,0.0,0.0,0.030439
11603.0,476.3,0.5539,0.0,0.0,0.030095
11603.0,512.3,0.5539,0.0,0.0,0.029837
11603.0,548.3,0.5539,0.0,0.0,0.02965
11603.0,584.3,0.5539,0.0,0.0,0.029525
11603.0,620.3,0.5539,0.0,0.0,0.029452
11603.0,656.3,0.5539,0.0,0.0,0.029425
12328.2,80.3,0.5539,0.0,0.0,0.04581
12328.2,116.3,0.5539,0.0,0.0,0.042802
12328.2,152.3,0.5539,0.0,0.0,0.040333
12328.2,188.3,0.5539,0.0,0.0,0.038301
12328.2,224.3,0.5539,0.0,0.0,0.036626
12328.2,260.3,0.5539,0.0,0.0,0.035245
12328.2,296.3,0.5539,0.0,0.0,0.03411
12328.2,332.3,0.5539,0.0,0.0,0.033179
12328.2,368.3,0.5539,0.0,0.0,0.032419
12328.2,404.3,0.5539,0.0,0.0,0.031803
12328.2,440.3,0.5539,0.0,0.0,0.03131
12328.2,476.3,0.5539,0.0,0.0,0.03092
12328.2,512.3,0.5539,0.0,0.0,0.030618
12328.2,548.3,0.5539,0.0,0.0,0.030392
12328.2,584.3,0.5539,0.0,0.0,0.03023
12328.2,620.3,0.5539,0.0,0.0,0.030123
12328.2,656.3,0.5539,0.0,0.0,0.030065
13053.4,80.3,0.5539,0.0,0.0,0.047356
13053.4,116.3,0.5539,0.0,0.0,0.044257
13053.4,152.3,0.5539,0.0,0.0,0.041703
13053.4,188.3,0.5539,0.0,0.0,0.03959
13053.4,224.3,0.5539,0.0,0.0,0.03784
13053.4,260.3,0.5539,0.0,0.0,0.03639
13053.4,296.3,0.5539,0.0,0.0,0.035189
13053.4,332.3,0.5539,0.0,0.0,0.034197
13053.4,368.3,0.5539,0.0,0.0,0.033381
13053.4,404.3,0.5539,0.0,0.0,0.032713
13053.4,440.3,0.5539,0.0,0.0,0.032171
13053.4,476.3,0.5539,0.0,0.0,0.031736
13053.4,512.3,0.5539,0.0,0.0,0.031392
13053.4,548.3,0.5539,0.0,0.0,0.031127
13053.4,584.3,0.5539,0.0,0.0,0.03093
13053.4,620.3,0.5539,0.0,0.0,0.03079
13053.4,656.3,0.5539,0.0,0.0,0.030701
13778.6,80.3,0.5539,0.0,0.0,0.048874
13778.6,116.3,0.5539,0.0,0.0,0.045685
13778.6,152.3,0.5539,0.0,0.0,0.043047
13778.6,188.3,0.5539,0.0,0.0,0.040857
13778.6,224.3,0.5539,0.0,0.0,0.039034
13778.6,260.3,0.5539,0.0,0.0,0.037516
13778.6,296.3,0.5539,0.0,0.0,0.036252
13778.6,332.3,0.5539,0.0,0.0,0.035201
13778.6,368.3,0.5539,0.0,0.0,0.03433
13778.6,404.3,0.5539,0.0,0.0,0.033611
13778.6,440.3,0.5539,0.0,0.0,0.033022
13778.6,476.3,0.5539,0.0,0.0,0.032543
13778.6,512.3,0.5539,0.0,0.0,0.032159
13778.6,548.3,0.5539,0.0,0.0,0.031857
13778.6,584.3,0.5539,0.0,0.0,0.031624
13778.6,620.3,0.5539,0.0,0.0,0.031453
13778.6,656.3,0.5539,0.0,0.0,0.031334
14503.8,80.3,0.5539,0.0,0.0,0.050366
14503.8,116.3,0.5539,0.0,0.0,0.04709
14503.8,152.3,0.5539,0.0,0.0,0.04437
14503.8,188.3,0.5539,0.0,0.0,0.042103
14503.8,224.3,0.5539,0.0,0.0,0.040209
14503.8,260.3,0.5539,0.0,0.0,0.038625
14503.8,296.3,0.5539,0.0,0.0,0.0373
14503.8,332.3,0.5539,0.0,0.0,0.036192
14503.8,368.3,0.5539,0.0,0.0,0.035267
14503.8,404.3,0.5539,0.0,0.0,0.034499
14503.8,440.3,0.5539,0.0,0.0,0.033864
14503.8,476.3,0.5539,0.0,0.0,0.033343
14503.8,512.3,0.5539,0.0,0.0,0.032919
14503.8,548.3,0.5539,0.0,0.0,0.03258
14503.8,584.3,0.5539,0.0,0.0,0.032314
14503.8,620.3,0.5539,0.0,0.0,0.032111
14503.8,656.3,0.5539,0.0,0.0,0.031962
15954.2,80.3,0.5539,0.0,0.0,0.053287
15954.2,116.3,0.5539,0.0,0.0,0.049841
15954.2,152.3,0.5539,0.0,0.0,0.046961
15954.2,188.3,0.5539,0.0,0.0,0.044546
15954.2,224.3,0.5539,0.0,0.0,0.042514
15954.2,260.3,0.5539,0.0,0.0,0.040802
15954.2,296.3,0.5539,0.0,0.0,0.039357
15954.2,332.3,0.5539,0.0,0.0,0.038138
15954.2,368.3,0.5539,0.0,0.0,0.037111
15954.2,404.3,0.5539,0.0,0.0,0.036248
15954.2,440.3,0.5539,0.0,0.0,0.035524
15954.2,476.3,0.5539,0.0,0.0,0.034921
15954.2,512.3,0.5539,0.0,0.0,0.034421
15954.2,548.3,0.5539,0.0,0.0,0.034011
15954.2,584.3,0.5539,0.0,0.0,0.033679
15954.2,620.3,0.5539,0.0,0.0,0.033414
15954.2,656.3,0.5539,0.0,0.0,0.033209
17404.6,80.3,0.5539,0.0,0.0,0.05614
17404.6,116.3,0.5539,0.0,0.0,0.052528
17404.6,152.3,0.5539,0.0,0.0,0.049494
17404.6,188.3,0.5539,0.0,0.0,0.046934
17404.6,224.3,0.5539,0.0,0.0,0.044769
17404.6,260.3,0.5539,0.0,0.0,0.042932
17404.6,296.3,0.5539,0.0,0.0,0.041372
17404.6,332.3,0.5539,0.0,0.0,0.040047
17404.6,368.3,0.5539,0.0,0.0,0.038921
17404.6,404.3,0.5539,0.0,0.0,0.037966
17404.6,440.3,0.5539,0.0,0.0,0.037157
17404.6,476.3,0.5539,0.0,0.0,0.036474
17404.6,512.3,0.5539,0.0,0.0,0.035901
17404.6,548.3,0.5539,0.0,0.0,0.035423
17404.6,584.3,0.5539,0.0,0.0,0.035027
17404.6,620.3,0.5539,0.0,0.0,0.034703
17404.6,656.3,0.5539,0.0,0.0,0.034443
18854.9,80.3,0.5539,0.0,0.0,0.058941
18854.9,116.3,0.5539,0.0,0.0,0.055167
18854.9,152.3,0.5539,0.0,0.0,0.051981
18854.9,188.3,0.5539,0.0,0.0,0.049281
18854.9,224.3,0.5539,0.0,0.0,0.046985
18854.9,260.3,0.5539,0.0,0.0,0.045027
18854.9,296.3,0.5539,0.0,0.0,0.043355
18854.9,332.3,0.5539,0.0,0.0,0.041925
18854.9,368.3,0.5539,0.0,0.0,0.040703
18854.9,404.3,0.5539,0.0,0.0,0.039659
18854.9,440.3,0.5539,0.0,0.0,0.038767
18854.9,476.3,0.5539,0.0,0.0,0.038008
18854.9,512.3,0.5539,0.0,0.0,0.037363
18854.9,548.3,0.5539,0.0,0.0,0.036818
18854.9,584.3,0.5539,0.0,0.0,0.03636
18854.9,620.3,0.5539,0.0,0.0,0.035979
18854.9,656.3,0.5539,0.0,0.0,0.035665
20305.3,80.3,0.5539,0.0,0.0,0.061702
20305.3,116.3,0.5539,0.0,0.0,0.057769
20305.3,152.3,0.5539,0.0,0.0,0.054435
20305.3,188.3,0.5539,0.0,0.0,0.051596
20305.3,224.3,0.5539,0.0,0.0,0.049171
20305.3,260.3,0.5539,0.0,0.0,0.047094
20305.3,296.3,0.5539,0.0,0.0,0.045312
20305.3,332.3,0.5539,0.0,0.0,0.043781
20305.3,368.3,0.5539,0.0,0.0,0.042464
20305.3,404.3,0.5539,0.0,0.0,0.041332
20305.3,440.3,0.5539,0.0,0.0,0.04036
20305.3,476.3,0.5539,0.0,0.0,0.039525
20305.3,512.3,0.5539,0.0,0.0,0.03881
20305.3,548.3,0.5539,0.0,0.0,0.0382
20305.3,584.3,0.5539,0.0,0.0,0.037682
20305.3,620.3,0.5539,0.0,0.0,0.037245
20305.3,656.3,0.5539,0.0,0.0,0.036878
21755.7,80.3,0.5539,0.0,0.0,0.064432
21755.7,116.3,0.5539,0.0,0.0,0.060343
21755.7,152.3,0.5539,0.0,0.0,0.056862
21755.7,188.3,0.5539,0.0,0.0,0.053888
21755.7,224.3,0.5539,0.0,0.0,0.051336
21755.7,260.3,0.5539,0.0,0.0,0.049142
21755.7,296.3,0.5539,0.0,0.0,0.047251
21755.7,332.3,0.5539,0.0,0.0,0.045619
21755.7,368.3,0.5539,0.0,0.0,0.04421
21755.7,404.3,0.5539,0.0,0.0,0.042991
21755.7,440.3,0.5539,0.0,0.0,0.041939
21755.7,476.3,0.5539,0.0,0.0,0.04103
21755.7,512.3,0.5539,0.0,0.0,0.040246
21755.7,548.3,0.5539,0.0,0.0,0.039573
21755.7,584.3,0.5539,0.0,0.0,0.038995
21755.7,620.3,0.5539,0.0,0.0,0.038502
21755.7,656.3,0.5539,0.0,0.0,0.038084
23206.1,80.3,0.5539,0.0,0.0,0.067139
23206.1,116.3,0.5539,0.0,0.0,0.062896
23206.1,152.3,0.5539,0.0,0.0,0.059272
23206.1,188.3,0.5539,0.0,0.0,0.056162
23206.1,224.3,0.5539,0.0,0.0,0.053485
23206.1,260.3,0.5539,0.0,0.0,0.051175
23206.1,296.3,0.5539,0.0,0.0,0.049177
23206.1,332.3,0.5539,0.0,0.0,0.047445
23206.1,368.3,0.5539,0.0,0.0,0.045944
23206.1,404.3,0.5539,0.0,0.0,0.04464
23206.1,440.3,0.5539,0.0,0.0,0.043508
23206.1,476.3,0.5539,0.0,0.0,0.042526
23206.1,512.3,0.5539,0.0,0.0,0.041675
23206.1,548.3,0.5539,0.0,0.0,0.040938
23206.1,584.3,0.5539,0.0,0.0,0.040301
23206.1,620.3,0.5539,0.0,0.0,0.039753
23206.1,656.3,0.5539,0.0,0.0,0.039284
24656.5,80.3,0.5539,0.0,0.0,0.069831
24656.5,116.3,0.5539,0.0,0.0,0.065436
24656.5,152.3,0.5539,0.0,0.0,0.061668
24656.5,188.3,0.5539,0.0,0.0,0.058425
24656.5,224.3,0.5539,0.0,0.0,0.055624
24656.5,260.3,0.5539,0.0,0.0,0.053199
24656.5,296.3,0.5539,0.0,0.0,0.051094
24656.5,332.3,0.5539,0.0,0.0,0.049264
24656.5,368.3,0.5539,0.0,0.0,0.04767
24656.5,404.3,0.5539,0.0,0.0,0.046282
24656.5,440.3,0.5539,0.0,0.0,0.045072
24656.5,476.3,0.5539,0.0,0.0,0.044017
24656.5,512.3,0.5539,0.0,0.0,0.043098
24656.5,548.3,0.5539,0.0,0.0,0.042298
24656.5,584.3,0.5539,0.0,0.0,0.041603
24656.5,620.3,0.5539,0.0,0.0,0.041001
24656.5,656.3,0.5539,0.0,0.0,0.04048
1450.4,80.3,0.9672,0.0,1.0,0.019961
1450.4,116.3,0.9672,0.0,1.0,0.020657
1450.4,152.3,0.9672,0.0,1.0,0.021366
1450.4,188.3,0.9672,0.0,1.0,0.02208
1450.4,224.3,0.9672,0.0,1.0,0.022795
1450.4,260.3,0.9672,0.0,1.0,0.023509
1450.4,296.3,0.9672,0.0,1.0,0.024218
1450.4,332.3,0.9672,0.0,1.0,0.024921
1450.4,368.3,0.9672,0.0,1.0,0.025617
1450.4,404.3,0.9672,0.0,1.0,0.026307
1450.4,440.3,0.9672,0.0,1.0,0.026989
1450.4,476.3,0.9672,0.0,1.0,0.027663
1450.4,512.3,0.9672,0.0,1.0,0.02833
1450.4,548.3,0.9672,0.0,1.0,0.028989
1450.4,584.3,0.9672,0.0,1.0,0.02964
1450.4,620.3,0.9672,0.0,1.0,0.030284
1450.4,656.3,0.9672,0.0,1.0,0.03092
1450.4,692.3,0.9672,0.0,1.0,0.031549
1450.4,728.3,0.9672,0.0,1.0,0.032172
1450.4,764.3,0.9672,0.0,1.0,0.032787
1450.4,800.3,0.9672,0.0,1.0,0.033397
2175.6,80.3,0.9672,0.0,1.0,0.021487
2175.6,116.3,0.9672,0.0,1.0,0.022007
2175.6,152.3,0.9672,0.0,1.0,0.022574
2175.6,188.3,0.9672,0.0,1.0,0.023173
2175.6,224.3,0.9672,0.0,1.0,0.023791
2175.6,260.3,0.9672,0.0,1.0,0.024421
2175.6,296.3,0.9672,0.0,1.0,0.025059
2175.6,332.3,0.9672,0.0,1.0,0.0257
2175.6,368.3,0.9672,0.0,1.0,0.026343
2175.6,404.3,0.9672,0.0,1.0,0.026984
2175.6,440.3,0.9672,0.0,1.0,0.027623
2175.6,476.3,0.9672,0.0,1.0,0.028259
2175.6,512.3,0.9672,0.0,1.0,0.028892
2175.6,548.3,0.9672,0.0,1.0,0.029519
2175.6,584.3,0.9672,0.0,1.0,0.030142
2175.6,620.3,0.9672,0.0,1.0,0.03076
2175.6,656.3,0.9672,0.0,1.0,0.031373
2175.6,692.3,0.9672,0.0,1.0,0.03198
2175.6,728.3,0.9672,0.0,1.0,0.032583
2175.6,764.3,0.9672,0.0,1.0,0.03318
2175.6,800.3,0.9672,0.0,1.0,0.033772
2900.8,80.3,0.9672,0.0,1.0,0.023184
2900.8,116.3,0.9672,0.0,1.0,0.02351
2900.8,152.3,0.9672,0.0,1.0,0.023922
2900.8,188.3,0.9672,0.0,1.0,0.024392
2900.8,224.3,0.9672,0.0,1.0,0.024903
2900.8,260.3,0.9672,0.0,1.0,0.025442
2900.8,296.3,0.9672,0.0,1.0,0.026001
2900.8,332.3,0.9672,0.0,1.0,0.026574
2900.8,368.3,0.9672,0.0,1.0,0.027156
2900.8,404.3,0.9672,0.0,1.0,0.027744
2900.8,440.3,0.9672,0.0,1.0,0.028336
2900.8,476.3,0.9672,0.0,1.0,0.028929
2900.8,512.3,0.9672,0.0,1.0,0.029523
2900.8,548.3,0.9672,0.0,1.0,0.030116
2900.8,584.3,0.9672,0.0,1.0,0.030707
2900.8,620.3,0.9672,0.0,1.0,0.031296
2900.8,656.3,0.9672,0.0,1.0,0.031882
2900.8,692.3,0.9672,0.0,1.0,0.032466
2900.8,728.3,0.9672,0.0,1.0,0.033046
2900.8,764.3,0.9672,0.0,1.0,0.033622
2900.8,800.3,0.9672,0.0,1.0,0.034195
3626.0,80.3,0.9672,0.0,1.0,0.024969
3626.0,116.3,0.9672,0.0,1.0,0.025093
3626.0,152.3,0.9672,0.0,1.0,0.025344
3626.0,188.3,0.9672,0.0,1.0,0.025683
3626.0,224.3,0.9672,0.0,1.0,0.026084
3626.0,260.3,0.9672,0.0,1.0,0.026529
3626.0,296.3,0.9672,0.0,1.0,0.027007
3626.0,332.3,0.9672,0.0,1.0,0.027509
3626.0,368.3,0.9672,0.0,1.0,0.028029
3626.0,404.3,0.9672,0.0,1.0,0.028561
3626.0,440.3,0.9672,0.0,1.0,0.029103
3626.0,476.3,0.9672,0.0,1.0,0.029652
3626.0,512.3,0.9672,0.0,1.0,0.030205
3626.0,548.3,0.9672,0.0,1.0,0.030761
3626.0,584.3,0.9672,0.0,1.0,0.031319
3626.0,620.3,0.9672,0.0,1.0,0.031877
3626.0,656.3,0.9672,0.0,1.0,0.032435
3626.0,692.3,0.9672,0.0,1.0,0.032993
3626.0,728.3,0.9672,0.0,1.0,0.033549
3626.0,764.3,0.9672,0.0,1.0,0.034103
3626.0,800.3,0.9672,0.0,1.0,0.034655
4351.1,80.3,0.9672,0.0,1.0,0.026804
4351.1,116.3,0.9672,0.0,1.0,0.026719
4351.1,152.3,0.9672,0.0,1.0,0.026806
4351.1,188.3,0.9672,0.0,1.0,0.027011
4351.1,224.3,0.9672,0.0,1.0,0.027301
4351.1,260.3,0.9672,0.0,1.0,0.027652
4351.1,296.3,0.9672,0.0,1.0,0.028049
4351.1,332.3,0.9672,0.0,1.0,0.02848
4351.1,368.3,0.9672,0.0,1.0,0.028937
4351.1,404.3,0.9672,0.0,1.0,0.029414
4351.1,440.3,0.9672,0.0,1.0,0.029906
4351.1,476.3,0.9672,0.0,1.0,0.03041
4351.1,512.3,0.9672,0.0,1.0,0.030922
4351.1,548.3,0.9672,0.0,1.0,0.031441
4351.1,584.3,0.9672,0.0,1.0,0.031965
4351.1,620.3,0.9672,0.0,1.0,0.032492
4351.1,656.3,0.9672,0.0,1.0,0.033021
4351.1,692.3,0.9672,0.0,1.0,0.033551
4351.1,728.3,0.9672,0.0,1.0,0.034083
4351.1,764.3,0.9672,0.0,1.0,0.034614
4351.1,800.3,0.9672,0.0,1.0,0.035145
5076.3,80.3,0.9672,0.0,1.0,0.028679
5076.3,116.3,0.9672,0.0,1.0,0.028377
5076.3,152.3,0.9672,0.0,1.0,0.028293
5076.3,188.3,0.9672,0.0,1.0,0.028361
5076.3,224.3,0.9672,0.0,1.0,0.028538
5076.3,260.3,0.9672,0.0,1.0,0.028795
5076.3,296.3,0.9672,0.0,1.0,0.029111
5076.3,332.3,0.9672,0.0,1.0,0.029471
5076.3,368.3,0.9672,0.0,1.0,0.029866
5076.3,404.3,0.9672,0.0,1.0,0.030288
5076.3,440.3,0.9672,0.0,1.0,0.030731
5076.3,476.3,0.9672,0.0,1.0,0.031189
5076.3,512.3,0.9672,0.0,1.0,0.031661
5076.3,548.3,0.9672,0.0,1.0,0.032143
5076.3,584.3,0.9672,0.0,1.0,0.032633
5076.3,620.3,0.9672,0.0,1.0,0.033128
5076.3,656.3,0.9672,0.0,1.0,0.033629
5076.3,692.3,0.9672,0.0,1.0,0.034133
5076.3,728.3,0.9672,0.0,1.0,0.034639
5076.3,764.3,0.9672,0.0,1.0,0.035147
5076.3,800.3,0.9672,0.0,1.0,0.035656
5801.5,80.3,0.9672,0.0,1.0,0.030585
5801.5,116.3,0.9672,0.0,1.0,0.030063
5801.5,152.3,0.9672,0.0,1.0,0.029803
5801.5,188.3,0.9672,0.0,1.0,0.02973
5801.5,224.3,0.9672,0.0,1.0,0.02979
5801.5,260.3,0.9672,0.0,1.0,0.02995
5801.5,296.3,0.9672,0.0,1.0,0.030183
5801.5,332.3,0.9672,0.0,1.0,0.030473
5801.5,368.3,0.9672,0.0,1.0,0.030806
5801.5,404.3,0.9672,0.0,1.0,0.031173
5801.5,440.3,0.9672,0.0,1.0,0.031567
5801.5,476.3,0.9672,0.0,1.0,0.031982
5801.5,512.3,0.9672,0.0,1.0,0.032414
5801.5,548.3,0.9672,0.0,1.0,0.032859
5801.5,584.3,0.9672,0.0,1.0,0.033315
5801.5,620.3,0.9672,0.0,1.0,0.03378
5801.5,656.3,0.9672,0.0,1.0,0.034252
5801.5,692.3,0.9672,0.0,1.0,0.034729
5801.5,728.3,0.9672,0.0,1.0,0.035211
5801.5,764.3,0.9672,0.0,1.0,0.035696
5801.5,800.3,0.9672,0.0,1.0,0.036184
6526.7,80.3,0.9672,0.0,1.0,0.032506
6526.7,116.3,0.9672,0.0,1.0,0.031772
6526.7,152.3,0.9672,0.0,1.0,0.031335
6526.7,188.3,0.9672,0.0,1.0,0.031116
6526.7,224.3,0.9672,0.0,1.0,0.031057
6526.7,260.3,0.9672,0.0,1.0,0.031116
6526.7,296.3,0.9672,0.0,1.0,0.031265
6526.7,332.3,0.9672,0.0,1.0,0.031483
6526.7,368.3,0.9672,0.0,1.0,0.031754
6526.7,404.3,0.9672,0.0,1.0,0.032066
6526.7,440.3,0.9672,0.0,1.0,0.03241
6526.7,476.3,0.9672,0.0,1.0,0.032782
6526.7,512.3,0.9672,0.0,1.0,0.033174
6526.7,548.3,0.9672,0.0,1.0,0.033583
6526.7,584.3,0.9672,0.0,1.0,0.034006
6526.7,620.3,0.9672,0.0,1.0,0.034441
6526.7,656.3,0.9672,0.0,1.0,0.034885
6526.7,692.3,0.9672,0.0,1.0,0.035336
6526.7,728.3,0.9672,0.0,1.0,0.035794
6526.7,764.3,0.9672,0.0,1.0,0.036256
6526.7,800.3,0.9672,0.0,1.0,0.036722
7251.9,80.3,0.9672,0.0,1.0,0.034429
7251.9,116.3,0.9672,0.0,1.0,0.033493
7251.9,152.3,0.9672,0.0,1.0,0.032884
7251.9,188.3,0.9672,0.0,1.0,0.032519
7251.9,224.3,0.9672,0.0,1.0,0.032338
7251.9,260.3,0.9672,0.0,1.0,0.032295
7251.9,296.3,0.9672,0.0,1.0,0.032357
7251.9,332.3,0.9672,0.0,1.0,0.0325
7251.9,368.3,0.9672,0.0,1.0,0.032707
7251.9,404.3,0.9672,0.0,1.0,0.032963
7251.9,440.3,0.9672,0.0,1.0,0.033259
7251.9,476.3,0.9672,0.0,1.0,0.033586
7251.9,512.3,0.9672,0.0,1.0,0.033939
7251.9,548.3,0.9672,0.0,1.0,0.034312
7251.9,584.3,0.9672,0.0,1.0,0.034703
7251.9,620.3,0.9672,0.0,1.0,0.035107
7251.9,656.3,0.9672,0.0,1.0,0.035523
7251.9,692.3,0.9672,0.0,1.0,0.035949
7251.9,728.3,0.9672,0.0,1.0,0.036383
7251.9,764.3,0.9672,0.0,1.0,0.036823
7251.9,800.3,0.9672,0.0,1.0,0.037268
7977.1,80.3,0.9672,0.0,1.0,0.036339
7977.1,116.3,0.9672,0.0,1.0,0.035216
7977.1,152.3,0.9672,0.0,1.0,0.034443
7977.1,188.3,0.9672,0.0,1.0,0.033936
7977.1,224.3,0.9672,0.0,1.0,0.033633
7977.1,260.3,0.9672,0.0,1.0,0.033486
7977.1,296.3,0.9672,0.0,1.0,0.033459
7977.1,332.3,0.9672,0.0,1.0,0.033527
7977.1,368.3,0.9672,0.0,1.0,0.033667
7977.1,404.3,0.9672,0.0,1.0,0.033866
7977.1,440.3,0.9672,0.0,1.0,0.034111
7977.1,476.3,0.9672,0.0,1.0,0.034394
7977.1,512.3,0.9672,0.0,1.0,0.034707
7977.1,548.3,0.9672,0.0,1.0,0.035044
7977.1,584.3,0.9672,0.0,1.0,0.035402
7977.1,620.3,0.9672,0.0,1.0,0.035777
7977.1,656.3,0.9672,0.0,1.0,0.036166
7977.1,692.3,0.9672,0.0,1.0,0.036566
7977.1,728.3,0.9672,0.0,1.0,0.036976
7977.1,764.3,0.9672,0.0,1.0,0.037394
7977.1,800.3,0.9672,0.0,1.0,0.037819
8702.3,80.3,0.9672,0.0,1.0,0.038225
8702.3,116.3,0.9672,0.0,1.0,0.036933
8702.3,152.3,0.9672,0.0,1.0,0.036006
8702.3,188.3,0.9672,0.0,1.0,0.035362
8702.3,224.3,0.9672,0.0,1.0,0.034939
8702.3,260.3,0.9672,0.0,1.0,0.034689
8702.3,296.3,0.9672,0.0,1.0,0.034572
8702.3,332.3,0.9672,0.0,1.0,0.034562
8702.3,368.3,0.9672,0.0,1.0,0.034635
8702.3,404.3,0.9672,0.0,1.0,0.034775
8702.3,440.3,0.9672,0.0,1.0,0.034969
8702.3,476.3,0.9672,0.0,1.0,0.035206
8702.3,512.3,0.9672,0.0,1.0,0.035478
8702.3,548.3,0.9672,0.0,1.0,0.03578
8702.3,584.3,0.9672,0.0,1.0,0.036104
8702.3,620.3,0.9672,0.0,1.0,0.036449
8702.3,656.3,0.9672,0.0,1.0,0.03681
8702.3,692.3,0.9672,0.0,1.0,0.037185
8702.3,728.3,0.9672,0.0,1.0,0.037572
8702.3,764.3,0.9672,0.0,1.0,0.037969
8702.3,800.3,0.9672,0.0,1.0,0.038373
9427.5,80.3,0.9672,0.0,1.0,0.040082
9427.5,116.3,0.9672,0.0,1.0,0.038635
9427.5,152.3,0.9672,0.0,1.0,0.037565
9427.5,188.3,0.9672,0.0,1.0,0.036792
9427.5,224.3,0.9672,0.0,1.0,0.036254
9427.5,260.3,0.9672,0.0,1.0,0.035901
9427.5,296.3,0.9672,0.0,1.0,0.035695
9427.5,332.3,0.9672,0.0,1.0,0.035607
9427.5,368.3,0.9672,0.0,1.0,0.035612
9427.5,404.3,0.9672,0.0,1.0,0.035692
9427.5,440.3,0.9672,0.0,1.0,0.035833
9427.5,476.3,0.9672,0.0,1.0,0.036023
9427.5,512.3,0.9672,0.0,1.0,0.036254
9427.5,548.3,0.9672,0.0,1.0,0.036518
9427.5,584.3,0.9672,0.0,1.0,0.036809
9427.5,620.3,0.9672,0.0,1.0,0.037124
9427.5,656.3,0.9672,0.0,1.0,0.037457
9427.5,692.3,0.9672,0.0,1.0,0.037807
9427.5,728.3,0.9672,0.0,1.0,0.03817
9427.5,764.3,0.9672,0.0,1.0,0.038545
9427.5,800.3,0.9672,0.0,1.0,0.038929
10152.7,80.3,0.9672,0.0,1.0,0.041907
10152.7,116.3,0.9672,0.0,1.0,0.040317
10152.7,152.3,0.9672,0.0,1.0,0.039115
10152.7,188.3,0.9672,0.0,1.0,0.038221
10152.7,224.3,0.9672,0.0,1.0,0.037572
10152.7,260.3,0.9672,0.0,1.0,0.037121
10152.7,296.3,0.9672,0.0,1.0,0.036827
10152.7,332.3,0.9672,0.0,1.0,0.03666
10152.7,368.3,0.9672,0.0,1.0,0.036597
10152.7,404.3,0.9672,0.0,1.0,0.036616
10152.7,440.3,0.9672,0.0,1.0,0.036703
10152.7,476.3,0.9672,0.0,1.0,0.036846
10152.7,512.3,0.9672,0.0,1.0,0.037034
10152.7,548.3,0.9672,0.0,1.0,0.03726
10152.7,584.3,0.9672,0.0,1.0,0.037517
10152.7,620.3,0.9672,0.0,1.0,0.037801
10152.7,656.3,0.9672,0.0,1.0,0.038106
10152.7,692.3,0.9672,0.0,1.0,0.03843
10152.7,728.3,0.9672,0.0,1.0,0.03877
10152.7,764.3,0.9672,0.0,1.0,0.039123
10152.7,800.3,0.9672,0.0,1.0,0.039487
10877.9,80.3,0.9672,0.0,1.0,0.043699
10877.9,116.3,0.9672,0.0,1.0,0.041977
10877.9,152.3,0.9672,0.0,1.0,0.040651
10877.9,188.3,0.9672,0.0,1.0,0.039643
10877.9,224.3,0.9672,0.0,1.0,0.038891
10877.9,260.3,0.9672,0.0,1.0,0.038344
10877.9,296.3,0.9672,0.0,1.0,0.037965
10877.9,332.3,0.9672,0.0,1.0,0.037722
10877.9,368.3,0.9672,0.0,1.0,0.037589
10877.9,404.3,0.9672,0.0,1.0,0.037548
10877.9,440.3,0.9672,0.0,1.0,0.037581
10877.9,476.3,0.9672,0.0,1.0,0.037675
10877.9,512.3,0.9672,0.0,1.0,0.03782
10877.9,548.3,0.9672,0.0,1.0,0.038007
10877.9,584.3,0.9672,0.0,1.0,0.038229
10877.9,620.3,0.9672,0.0,1.0,0.038481
10877.9,656.3,0.9672,0.0,1.0,0.038758
10877.9,692.3,0.9672,0.0,1.0,0.039056
10877.9,728.3,0.9672,0.0,1.0,0.039371
10877.9,764.3,0.9672,0.0,1.0,0.039702
10877.9,800.3,0.9672,0.0,1.0,0.040046
11603.0,80.3,0.9672,0.0,1.0,0.04546
11603.0,116.3,0.9672,0.0,1.0,0.043613
11603.0,152.3,0.9672,0.0,1.0,0.042172
11603.0,188.3,0.9672,0.0,1.0,0.041057
11603.0,224.3,0.9672,0.0,1.0,0.040206
11603.0,260.3,0.9672,0.0,1.0,0.039569
11603.0,296.3,0.9672,0.0,1.0,0.039107
11603.0,332.3,0.9672,0.0,1.0,0.038789
11603.0,368.3,0.9672,0.0,1.0,0.038589
11603.0,404.3,0.9672,0.0,1.0,0.038486
11603.0,440.3,0.9672,0.0,1.0,0.038465
11603.0,476.3,0.9672,0.0,1.0,0.03851
11603.0,512.3,0.9672,0.0,1.0,0.038611
11603.0,548.3,0.9672,0.0,1.0,0.038759
11603.0,584.3,0.9672,0.0,1.0,0.038946
11603.0,620.3,0.9672,0.0,1.0,0.039165
11603.0,656.3,0.9672,0.0,1.0,0.039413
11603.0,692.3,0.9672,0.0,1.0,0.039684
11603.0,728.3,0.9672,0.0,1.0,0.039975
11603.0,764.3,0.9672,0.0,1.0,0.040284
11603.0,800.3,0.9672,0.0,1.0,0.040607
12328.2,80.3,0.9672,0.0,1.0,0.047192
12328.2,116.3,0.9672,0.0,1.0,0.045225
12328.2,152.3,0.9672,0.0,1.0,0.043676
12328.2,188.3,0.9672,0.0,1.0,0.04246
12328.2,224.3,0.9672,0.0,1.0,0.041515
12328.2,260.3,0.9672,0.0,1.0,0.040791
12328.2,296.3,0.9672,0.0,1.0,0.04025
12328.2,332.3,0.9672,0.0,1.0,0.039859
12328.2,368.3,0.9672,0.0,1.0,0.039593
12328.2,404.3,0.9672,0.0,1.0,0.039431
12328.2,440.3,0.9672,0.0,1.0,0.039355
12328.2,476.3,0.9672,0.0,1.0,0.039352
12328.2,512.3,0.9672,0.0,1.0,0.039408
12328.2,548.3,0.9672,0.0,1.0,0.039516
12328.2,584.3,0.9672,0.0,1.0,0.039667
12328.2,620.3,0.9672,0.0,1.0,0.039854
12328.2,656.3,0.9672,0.0,1.0,0.040071
12328.2,692.3,0.9672,0.0,1.0,0.040315
12328.2,728.3,0.9672,0.0,1.0,0.040582
12328.2,764.3,0.9672,0.0,1.0,0.040867
12328.2,800.3,0.9672,0.0,1.0,0.041169
13053.4,80.3,0.9672,0.0,1.0,0.048897
13053.4,116.3,0.9672,0.0,1.0,0.046816
13053.4,152.3,0.9672,0.0,1.0,0.045162
13053.4,188.3,0.9672,0.0,1.0,0.04385
13053.4,224.3,0.9672,0.0,1.0,0.042816
13053.4,260.3,0.9672,0.0,1.0,0.04201
13053.4,296.3,0.9672,0.0,1.0,0.041393
13053.4,332.3,0.9672,0.0,1.0,0.040932
13053.4,368.3,0.9672,0.0,1.0,0.040602
13053.4,404.3,0.9672,0.0,1.0,0.040381
13053.4,440.3,0.9672,0.0,1.0,0.040251
13053.4,476.3,0.9672,0.0,1.0,0.040199
13053.4,512.3,0.9672,0.0,1.0,0.040211
13053.4,548.3,0.9672,0.0,1.0,0.040279
13053.4,584.3,0.9672,0.0,1.0,0.040393
13053.4,620.3,0.9672,0.0,1.0,0.040547
13053.4,656.3,0.9672,0.0,1.0,0.040734
13053.4,692.3,0.9672,0.0,1.0,0.04095
13053.4,728.3,0.9672,0.0,1.0,0.041191
13053.4,764.3,0.9672,0.0,1.0,0.041454
13053.4,800.3,0.9672,0.0,1.0,0.041734
13778.6,80.3,0.9672,0.0,1.0,0.050578
13778.6,116.3,0.9672,0.0,1.0,0.048385
13778.6,152.3,0.9672,0.0,1.0,0.046631
13778.6,188.3,0.9672,0.0,1.0,0.045227
13778.6,224.3,0.9672,0.0,1.0,0.044108
13778.6,260.3,0.9672,0.0,1.0,0.043224
13778.6,296.3,0.9672,0.0,1.0,0.042533
13778.6,332.3,0.9672,0.0,1.0,0.042005
13778.6,368.3,0.9672,0.0,1.0,0.041612
13778.6,404.3,0.9672,0.0,1.0,0.041334
13778.6,440.3,0.9672,0.0,1.0,0.041152
13778.6,476.3,0.9672,0.0,1.0,0.041051
13778.6,512.3,0.9672,0.0,1.0,0.041019
13778.6,548.3,0.9672,0.0,1.0,0.041047
13778.6,584.3,0.9672,0.0,1.0,0.041124
13778.6,620.3,0.9672,0.0,1.0,0.041244
13778.6,656.3,0.9672,0.0,1.0,0.041401
13778.6,692.3,0.9672,0.0,1.0,0.041589
13778.6,728.3,0.9672,0.0,1.0,0.041805
13778.6,764.3,0.9672,0.0,1.0,0.042043
13778.6,800.3,0.9672,0.0,1.0,0.042302
14503.8,80.3,0.9672,0.0,1.0,0.052238
14503.8,116.3,0.9672,0.0,1.0,0.049936
14503.8,152.3,0.9672,0.0,1.0,0.048083
14503.8,188.3,0.9672,0.0,1.0,0.046591
14503.8,224.3,0.9672,0.0,1.0,0.04539
14503.8,260.3,0.9672,0.0,1.0,0.04443
14503.8,296.3,0.9672,0.0,1.0,0.04367
14503.8,332.3,0.9672,0.0,1.0,0.043076
14503.8,368.3,0.9672,0.0,1.0,0.042623
14503.8,404.3,0.9672,0.0,1.0,0.042289
14503.8,440.3,0.9672,0.0,1.0,0.042055
14503.8,476.3,0.9672,0.0,1.0,0.041907
14503.8,512.3,0.9672,0.0,1.0,0.041832
14503.8,548.3,0.9672,0.0,1.0,0.041819
14503.8,584.3,0.9672,0.0,1.0,0.04186
14503.8,620.3,0.9672,0.0,1.0,0.041946
14503.8,656.3,0.9672,0.0,1.0,0.042072
14503.8,692.3,0.9672,0.0,1.0,0.042232
14503.8,728.3,0.9672,0.0,1.0,0.042421
14503.8,764.3,0.9672,0.0,1.0,0.042636
14503.8,800.3,0.9672,0.0,1.0,0.042873
15954.2,80.3,0.9672,0.0,1.0,0.055508
15954.2,116.3,0.9672,0.0,1.0,0.052988
15954.2,152.3,0.9672,0.0,1.0,0.050944
15954.2,188.3,0.9672,0.0,1.0,0.04928
15954.2,224.3,0.9672,0.0,1.0,0.047924
15954.2,260.3,0.9672,0.0,1.0,0.046821
15954.2,296.3,0.9672,0.0,1.0,0.045928
15954.2,332.3,0.9672,0.0,1.0,0.045211
15954.2,368.3,0.9672,0.0,1.0,0.044643
15954.2,404.3,0.9672,0.0,1.0,0.044202
15954.2,440.3,0.9672,0.0,1.0,0.043869
15954.2,476.3,0.9672,0.0,1.0,0.043629
15954.2,512.3,0.9672,0.0,1.0,0.043469
15954.2,548.3,0.9672,0.0,1.0,0.043377
15954.2,584.3,0.9672,0.0,1.0,0.043345
15954.2,620.3,0.9672,0.0,1.0,0.043364
15954.2,656.3,0.9672,0.0,1.0,0.043428
15954.2,692.3,0.9672,0.0,1.0,0.043531
15954.2,728.3,0.9672,0.0,1.0,0.043667
15954.2,764.3,0.9672,0.0,1.0,0.043833
15954.2,800.3,0.9672,0.0,1.0,0.044025
17404.6,80.3,0.9672,0.0,1.0,0.058725
17404.6,116.3,0.9672,0.0,1.0,0.055989
17404.6,152.3,0.9672,0.0,1.0,0.053756
17404.6,188.3,0.9672,0.0,1.0,0.051926
17404.6,224.3,0.9672,0.0,1.0,0.05042
17404.6,260.3,0.9672,0.0,1.0,0.04918
17404.6,296.3,0.9672,0.0,1.0,0.048162
17404.6,332.3,0.9672,0.0,1.0,0.047329
17404.6,368.3,0.9672,0.0,1.0,0.046653
17404.6,404.3,0.9672,0.0,1.0,0.046112
17404.6,440.3,0.9672,0.0,1.0,0.045685
17404.6,476.3,0.9672,0.0,1.0,0.045357
17404.6,512.3,0.9672,0.0,1.0,0.045115
17404.6,548.3,0.9672,0.0,1.0,0.044947
17404.6,584.3,0.9672,0.0,1.0,0.044844
17404.6,620.3,0.9672,0.0,1.0,0.044797
17404.6,656.3,0.9672,0.0,1.0,0.044799
17404.6,692.3,0.9672,0.0,1.0,0.044844
17404.6,728.3,0.9672,0.0,1.0,0.044928
17404.6,764.3,0.9672,0.0,1.0,0.045044
17404.6,800.3,0.9672,0.0,1.0,0.04519
18854.9,80.3,0.9672,0.0,1.0,0.061907
18854.9,116.3,0.9672,0.0,1.0,0.058952
18854.9,152.3,0.9672,0.0,1.0,0.056531
18854.9,188.3,0.9672,0.0,1.0,0.054535
18854.9,224.3,0.9672,0.0,1.0,0.052882
18854.9,260.3,0.9672,0.0,1.0,0.05151
18854.9,296.3,0.9672,0.0,1.0,0.050372
18854.9,332.3,0.9672,0.0,1.0,0.049428
18854.9,368.3,0.9672,0.0,1.0,0.04865
18854.9,404.3,0.9672,0.0,1.0,0.048013
18854.9,440.3,0.9672,0.0,1.0,0.047497
18854.9,476.3,0.9672,0.0,1.0,0.047085
18854.9,512.3,0.9672,0.0,1.0,0.046765
18854.9,548.3,0.9672,0.0,1.0,0.046524
18854.9,584.3,0.9672,0.0,1.0,0.046352
18854.9,620.3,0.9672,0.0,1.0,0.04624
18854.9,656.3,0.9672,0.0,1.0,0.046182
18854.9,692.3,0.9672,0.0,1.0,0.046171
18854.9,728.3,0.9672,0.0,1.0,0.046202
18854.9,764.3,0.9672,0.0,1.0,0.04627
18854.9,800.3,0.9672,0.0,1.0,0.046369
20305.3,80.3,0.9672,0.0,1.0,0.065066
20305.3,116.3,0.9672,0.0,1.0,0.06189
20305.3,152.3,0.9672,0.0,1.0,0.059279
20305.3,188.3,0.9672,0.0,1.0,0.057117
20305.3,224.3,0.9672,0.0,1.0,0.055318
20305.3,260.3,0.9672,0.0,1.0,0.053816
20305.3,296.3,0.9672,0.0,1.0,0.05256
20305.3,332.3,0.9672,0.0,1.0,0.051509
20305.3,368.3,0.9672,0.0,1.0,0.050632
20305.3,404.3,0.9672,0.0,1.0,0.049903
20305.3,440.3,0.9672,0.0,1.0,0.049301
20305.3,476.3,0.9672,0.0,1.0,0.04881
20305.3,512.3,0.9672,0.0,1.0,0.048415
20305.3,548.3,0.9672,0.0,1.0,0.048103
20305.3,584.3,0.9672,0.0,1.0,0.047865
20305.3,620.3,0.9672,0.0,1.0,0.047691
20305.3,656.3,0.9672,0.0,1.0,0.047575
20305.3,692.3,0.9672,0.0,1.0,0.047509
20305.3,728.3,0.9672,0.0,1.0,0.047488
20305.3,764.3,0.9672,0.0,1.0,0.047506
20305.3,800.3,0.9672,0.0,1.0,0.047561
21755.7,80.3,0.9672,0.0,1.0,0.068213
21755.7,116.3,0.9672,0.0,1.0,0.064813
21755.7,152.3,0.9672,0.0,1.0,0.06201
21755.7,188.3,0.9672,0.0,1.0,0.059681
21755.7,224.3,0.9672,0.0,1.0,0.057735
21755.7,260.3,0.9672,0.0,1.0,0.056102
21755.7,296.3,0.9672,0.0,1.0,0.054729
21755.7,332.3,0.9672,0.0,1.0,0.053572
21755.7,368.3,0.9672,0.0,1.0,0.052599
21755.7,404.3,0.9672,0.0,1.0,0.051781
21755.7,440.3,0.9672,0.0,1.0,0.051097
21755.7,476.3,0.9672,0.0,1.0,0.050529
21755.7,512.3,0.9672,0.0,1.0,0.050061
21755.7,548.3,0.9672,0.0,1.0,0.049682
21755.7,584.3,0.9672,0.0,1.0,0.04938
21755.7,620.3,0.9672,0.0,1.0,0.049146
21755.7,656.3,0.9672,0.0,1.0,0.048973
21755.7,692.3,0.9672,0.0,1.0,0.048853
21755.7,728.3,0.9672,0.0,1.0,0.048782
21755.7,764.3,0.9672,0.0,1.0,0.048753
21755.7,800.3,0.9672,0.0,1.0,0.048762
23206.1,80.3,0.9672,0.0,1.0,0.071356
23206.1,116.3,0.9672,0.0,1.0,0.067729
23206.1,152.3,0.9672,0.0,1.0,0.064731
23206.1,188.3,0.9672,0.0,1.0,0.062232
23206.1,224.3,0.9672,0.0,1.0,0.060138
23206.1,260.3,0.9672,0.0,1.0,0.058375
23206.1,296.3,0.9672,0.0,1.0,0.056885
23206.1,332.3,0.9672,0.0,1.0,0.055623
23206.1,368.3,0.9672,0.0,1.0,0.054554
23206.1,404.3,0.9672,0.0,1.0,0.053648
23206.1,440.3,0.9672,0.0,1.0,0.052883
23206.1,476.3,0.9672,0.0,1.0,0.05224
23206.1,512.3,0.9672,0.0,1.0,0.051703
23206.1,548.3,0.9672,0.0,1.0,0.051258
23206.1,584.3,0.9672,0.0,1.0,0.050894
23206.1,620.3,0.9672,0.0,1.0,0.050602
23206.1,656.3,0.9672,0.0,1.0,0.050374
23206.1,692.3,0.9672,0.0,1.0,0.050202
23206.1,728.3,0.9672,0.0,1.0,0.050082
23206.1,764.3,0.9672,0.0,1.0,0.050006
23206.1,800.3,0.9672,0.0,1.0,0.049971
24656.5,80.3,0.9672,0.0,1.0,0.074502
24656.5,116.3,0.9672,0.0,1.0,0.070645
24656.5,152.3,0.9672,0.0,1.0,0.067448
24656.5,188.3,0.9672,0.0,1.0,0.064778
24656.5,224.3,0.9672,0.0,1.0,0.062534
24656.5,260.3,0.9672,0.0,1.0,0.060638
24656.5,296.3,0.9672,0.0,1.0,0.05903
24656.5,332.3,0.9672,0.0,1.0,0.057663
24656.5,368.3,0.9672,0.0,1.0,0.056498
24656.5,404.3,0.9672,0.0,1.0,0.055506
24656.5,440.3,0.9672,0.0,1.0,0.054662
24656.5,476.3,0.9672,0.0,1.0,0.053945
24656.5,512.3,0.9672,0.0,1.0,0.053339
24656.5,548.3,0.9672,0.0,1.0,0.05283
24656.5,584.3,0.9672,0.0,1.0,0.052406
24656.5,620.3,0.9672,0.0,1.0,0.052057
24656.5,656.3,0.9672,0.0,1.0,0.051776
24656.5,692.3,0.9672,0.0,1.0,0.051554
24656.5,728.3,0.9672,0.0,1.0,0.051385
24656.5,764.3,0.9672,0.0,1.0,0.051265
24656.5,800.3,0.9672,0.0,1.0,0.051187
