Pressure_psia,Temperature_F,Temperature_K,Pressure_MPa,Gas_SG,CO2_fraction,N2_fraction,Viscosity_cp,Density_kg_m3,Gas_Type
1450.4,80.3,300.0,10,0.5539,0.0,0.0,0.013753,75.175,Methane
1450.4,116.3,320.0,10,0.5539,0.0,0.0,0.014043,67.614,Methane
1450.4,152.3,340.0,10,0.5539,0.0,0.0,0.014412,61.747,Methane
1450.4,188.3,360.0,10,0.5539,0.0,0.0,0.014824,57.01,Methane
1450.4,224.3,380.0,10,0.5539,0.0,0.0,0.015262,53.075,Methane
1450.4,260.3,400.0,10,0.5539,0.0,0.0,0.015714,49.736,Methane
1450.4,296.3,420.0,10,0.5539,0.0,0.0,0.016176,46.854,Methane
1450.4,332.3,440.0,10,0.5539,0.0,0.0,0.016641,44.333,Methane
1450.4,368.3,460.0,10,0.5539,0.0,0.0,0.017108,42.103,Methane
1450.4,404.3,480.0,10,0.5539,0.0,0.0,0.017574,40.112,Methane
1450.4,440.3,500.0,10,0.5539,0.0,0.0,0.018038,38.322,Methane
1450.4,476.3,520.0,10,0.5539,0.0,0.0,0.018499,36.7,Methane
1450.4,512.3,540.0,10,0.5539,0.0,0.0,0.018957,35.222,Methane
1450.4,548.3,560.0,10,0.5539,0.0,0.0,0.019411,33.869,Methane
1450.4,584.3,580.0,10,0.5539,0.0,0.0,0.019861,32.624,Methane
1450.4,620.3,600.0,10,0.5539,0.0,0.0,0.020307,31.474,Methane
1450.4,656.3,620.0,10,0.5539,0.0,0.0,0.020748,30.409,Methane
2175.6,80.3,300.0,15,0.5539,0.0,0.0,0.016197,117.21,Methane
2175.6,116.3,320.0,15,0.5539,0.0,0.0,0.016005,104.14,Methane
2175.6,152.3,340.0,15,0.5539,0.0,0.0,0.016048,94.226,Methane
2175.6,188.3,360.0,15,0.5539,0.0,0.0,0.016228,86.39,Methane
2175.6,224.3,380.0,15,0.5539,0.0,0.0,0.016492,79.996,Methane
2175.6,260.3,400.0,15,0.5539,0.0,0.0,0.01681,74.65,Methane
2175.6,296.3,420.0,15,0.5539,0.0,0.0,0.017164,70.093,Methane
2175.6,332.3,440.0,15,0.5539,0.0,0.0,0.017542,66.148,Methane
2175.6,368.3,460.0,15,0.5539,0.0,0.0,0.017936,62.689,Methane
2175.6,404.3,480.0,15,0.5539,0.0,0.0,0.018341,59.624,Methane
2175.6,440.3,500.0,15,0.5539,0.0,0.0,0.018753,56.884,Methane
2175.6,476.3,520.0,15,0.5539,0.0,0.0,0.019169,54.415,Methane
2175.6,512.3,540.0,15,0.5539,0.0,0.0,0.019587,52.176,Methane
2175.6,548.3,560.0,15,0.5539,0.0,0.0,0.020006,50.134,Methane
2175.6,584.3,580.0,15,0.5539,0.0,0.0,0.020426,48.262,Methane
2175.6,620.3,600.0,15,0.5539,0.0,0.0,0.020844,46.538,Methane
2175.6,656.3,620.0,15,0.5539,0.0,0.0,0.02126,44.944,Methane
2900.8,80.3,300.0,20,0.5539,0.0,0.0,0.019068,155.28,Methane
2900.8,116.3,320.0,20,0.5539,0.0,0.0,0.018328,138.23,Methane
2900.8,152.3,340.0,20,0.5539,0.0,0.0,0.017978,124.98,Methane
2900.8,188.3,360.0,20,0.5539,0.0,0.0,0.017871,114.41,Methane
2900.8,224.3,380.0,20,0.5539,0.0,0.0,0.017918,105.76,Methane
2900.8,260.3,400.0,20,0.5539,0.0,0.0,0.018068,98.543,Methane
2900.8,296.3,420.0,20,0.5539,0.0,0.0,0.018289,92.404,Methane
2900.8,332.3,440.0,20,0.5539,0.0,0.0,0.018559,87.105,Methane
2900.8,368.3,460.0,20,0.5539,0.0,0.0,0.018864,82.473,Methane
2900.8,404.3,480.0,20,0.5539,0.0,0.0,0.019194,78.381,Methane
2900.8,440.3,500.0,20,0.5539,0.0,0.0,0.019542,74.731,Methane
2900.8,476.3,520.0,20,0.5539,0.0,0.0,0.019904,71.452,Methane
2900.8,512.3,540.0,20,0.5539,0.0,0.0,0.020275,68.485,Methane
2900.8,548.3,560.0,20,0.5539,0.0,0.0,0.020653,65.783,Methane
2900.8,584.3,580.0,20,0.5539,0.0,0.0,0.021036,63.311,Methane
2900.8,620.3,600.0,20,0.5539,0.0,0.0,0.021422,61.038,Methane
2900.8,656.3,620.0,20,0.5539,0.0,0.0,0.021809,58.939,Methane
3626.0,80.3,300.0,25,0.5539,0.0,0.0,0.021958,186.27,Methane
3626.0,116.3,320.0,25,0.5539,0.0,0.0,0.020764,167.59,Methane
3626.0,152.3,340.0,25,0.5539,0.0,0.0,0.020045,152.38,Methane
3626.0,188.3,360.0,25,0.5539,0.0,0.0,0.019647,139.9,Methane
3626.0,224.3,380.0,25,0.5539,0.0,0.0,0.019466,129.54,Methane
3626.0,260.3,400.0,25,0.5539,0.0,0.0,0.019434,120.79,Methane
3626.0,296.3,420.0,25,0.5539,0.0,0.0,0.019509,113.32,Methane
3626.0,332.3,440.0,25,0.5539,0.0,0.0,0.019659,106.85,Methane
3626.0,368.3,460.0,25,0.5539,0.0,0.0,0.019864,101.18,Methane
3626.0,404.3,480.0,25,0.5539,0.0,0.0,0.020111,96.165,Methane
3626.0,440.3,500.0,25,0.5539,0.0,0.0,0.020389,91.693,Methane
3626.0,476.3,520.0,25,0.5539,0.0,0.0,0.02069,87.673,Methane
3626.0,512.3,540.0,25,0.5539,0.0,0.0,0.021008,84.037,Methane
3626.0,548.3,560.0,25,0.5539,0.0,0.0,0.02134,80.727,Methane
3626.0,584.3,580.0,25,0.5539,0.0,0.0,0.021683,77.7,Methane
3626.0,620.3,600.0,25,0.5539,0.0,0.0,0.022033,74.916,Methane
3626.0,656.3,620.0,25,0.5539,0.0,0.0,0.022388,72.348,Methane
4351.1,80.3,300.0,30,0.5539,0.0,0.0,0.024673,210.76,Methane
4351.1,116.3,320.0,30,0.5539,0.0,0.0,0.023144,191.92,Methane
4351.1,152.3,340.0,30,0.5539,0.0,0.0,0.022122,175.93,Methane
4351.1,188.3,360.0,30,0.5539,0.0,0.0,0.021464,162.4,Methane
4351.1,224.3,380.0,30,0.5539,0.0,0.0,0.021067,150.91,Methane
4351.1,260.3,400.0,30,0.5539,0.0,0.0,0.020857,141.08,Methane
4351.1,296.3,420.0,30,0.5539,0.0,0.0,0.020784,132.58,Methane
4351.1,332.3,440.0,30,0.5539,0.0,0.0,0.020812,125.16,Methane
4351.1,368.3,460.0,30,0.5539,0.0,0.0,0.020914,118.64,Methane
4351.1,404.3,480.0,30,0.5539,0.0,0.0,0.021074,112.84,Methane
4351.1,440.3,500.0,30,0.5539,0.0,0.0,0.021276,107.66,Methane
4351.1,476.3,520.0,30,0.5539,0.0,0.0,0.021513,103.0,Methane
4351.1,512.3,540.0,30,0.5539,0.0,0.0,0.021776,98.767,Methane
4351.1,548.3,560.0,30,0.5539,0.0,0.0,0.022058,94.914,Methane
4351.1,584.3,580.0,30,0.5539,0.0,0.0,0.022358,91.386,Methane
4351.1,620.3,600.0,30,0.5539,0.0,0.0,0.022669,88.14,Methane
4351.1,656.3,620.0,30,0.5539,0.0,0.0,0.022991,85.143,Methane
5076.3,80.3,300.0,35,0.5539,0.0,0.0,0.027179,230.36,Methane
5076.3,116.3,320.0,35,0.5539,0.0,0.0,0.025402,212.01,Methane
5076.3,152.3,340.0,35,0.5539,0.0,0.0,0.024139,195.94,Methane
5076.3,188.3,360.0,35,0.5539,0.0,0.0,0.023262,181.98,Methane
5076.3,224.3,380.0,35,0.5539,0.0,0.0,0.022673,169.87,Methane
5076.3,260.3,400.0,35,0.5539,0.0,0.0,0.022298,159.33,Methane
5076.3,296.3,420.0,35,0.5539,0.0,0.0,0.022084,150.11,Methane
5076.3,332.3,440.0,35,0.5539,0.0,0.0,0.021992,141.99,Methane
5076.3,368.3,460.0,35,0.5539,0.0,0.0,0.021992,134.79,Methane
5076.3,404.3,480.0,35,0.5539,0.0,0.0,0.022064,128.37,Methane
5076.3,440.3,500.0,35,0.5539,0.0,0.0,0.022191,122.6,Methane
5076.3,476.3,520.0,35,0.5539,0.0,0.0,0.022361,117.38,Methane
5076.3,512.3,540.0,35,0.5539,0.0,0.0,0.022566,112.65,Methane
5076.3,548.3,560.0,35,0.5539,0.0,0.0,0.022799,108.32,Methane
5076.3,584.3,580.0,35,0.5539,0.0,0.0,0.023053,104.35,Methane
5076.3,620.3,600.0,35,0.5539,0.0,0.0,0.023325,100.7,Methane
5076.3,656.3,620.0,35,0.5539,0.0,0.0,0.023611,97.317,Methane
5801.5,80.3,300.0,40,0.5539,0.0,0.0,0.029498,246.46,Methane
5801.5,116.3,320.0,40,0.5539,0.0,0.0,0.027527,228.81,Methane
5801.5,152.3,340.0,40,0.5539,0.0,0.0,0.02607,213.01,Methane
5801.5,188.3,360.0,40,0.5539,0.0,0.0,0.02501,198.99,Methane
5801.5,224.3,380.0,40,0.5539,0.0,0.0,0.024254,186.61,Methane
5801.5,260.3,400.0,40,0.5539,0.0,0.0,0.02373,175.67,Methane
5801.5,296.3,420.0,40,0.5539,0.0,0.0,0.023386,165.98,Methane
5801.5,332.3,440.0,40,0.5539,0.0,0.0,0.02318,157.37,Methane
5801.5,368.3,460.0,40,0.5539,0.0,0.0,0.023082,149.67,Methane
5801.5,404.3,480.0,40,0.5539,0.0,0.0,0.023068,142.75,Methane
5801.5,440.3,500.0,40,0.5539,0.0,0.0,0.02312,136.51,Methane
5801.5,476.3,520.0,40,0.5539,0.0,0.0,0.023225,130.84,Methane
5801.5,512.3,540.0,40,0.5539,0.0,0.0,0.023373,125.68,Methane
5801.5,548.3,560.0,40,0.5539,0.0,0.0,0.023554,120.95,Methane
5801.5,584.3,580.0,40,0.5539,0.0,0.0,0.023763,116.6,Methane
5801.5,620.3,600.0,40,0.5539,0.0,0.0,0.023994,112.59,Methane
5801.5,656.3,620.0,40,0.5539,0.0,0.0,0.024244,108.87,Methane
6526.7,80.3,300.0,45,0.5539,0.0,0.0,0.03166,260.02,Methane
6526.7,116.3,320.0,45,0.5539,0.0,0.0,0.02953,243.1,Methane
6526.7,152.3,340.0,45,0.5539,0.0,0.0,0.027912,227.72,Methane
6526.7,188.3,360.0,45,0.5539,0.0,0.0,0.026696,213.86,Methane
6526.7,224.3,380.0,45,0.5539,0.0,0.0,0.025794,201.42,Methane
6526.7,260.3,400.0,45,0.5539,0.0,0.0,0.025138,190.3,Methane
6526.7,296.3,420.0,45,0.5539,0.0,0.0,0.024675,180.33,Methane
6526.7,332.3,440.0,45,0.5539,0.0,0.0,0.024364,171.38,Methane
6526.7,368.3,460.0,45,0.5539,0.0,0.0,0.024173,163.33,Methane
6526.7,404.3,480.0,45,0.5539,0.0,0.0,0.024076,156.04,Methane
6526.7,440.3,500.0,45,0.5539,0.0,0.0,0.024056,149.43,Methane
6526.7,476.3,520.0,45,0.5539,0.0,0.0,0.024097,143.41,Methane
6526.7,512.3,540.0,45,0.5539,0.0,0.0,0.024187,137.89,Methane
6526.7,548.3,560.0,45,0.5539,0.0,0.0,0.024318,132.83,Methane
6526.7,584.3,580.0,45,0.5539,0.0,0.0,0.024482,128.16,Methane
6526.7,620.3,600.0,45,0.5539,0.0,0.0,0.024673,123.84,Methane
6526.7,656.3,620.0,45,0.5539,0.0,0.0,0.024886,119.83,Methane
7251.9,80.3,300.0,50,0.5539,0.0,0.0,0.033695,271.69,Methane
7251.9,116.3,320.0,50,0.5539,0.0,0.0,0.031426,255.47,Methane
7251.9,152.3,340.0,50,0.5539,0.0,0.0,0.029669,240.55,Methane
7251.9,188.3,360.0,50,0.5539,0.0,0.0,0.028318,226.95,Methane
7251.9,224.3,380.0,50,0.5539,0.0,0.0,0.027289,214.6,Methane
7251.9,260.3,400.0,50,0.5539,0.0,0.0,0.026514,203.43,Methane
7251.9,296.3,420.0,50,0.5539,0.0,0.0,0.025944,193.32,Methane
7251.9,332.3,440.0,50,0.5539,0.0,0.0,0.025535,184.17,Methane
7251.9,368.3,460.0,50,0.5539,0.0,0.0,0.025256,175.87,Methane
7251.9,404.3,480.0,50,0.5539,0.0,0.0,0.025082,168.32,Methane
7251.9,440.3,500.0,50,0.5539,0.0,0.0,0.024992,161.43,Methane
7251.9,476.3,520.0,50,0.5539,0.0,0.0,0.024971,155.13,Methane
7251.9,512.3,540.0,50,0.5539,0.0,0.0,0.025006,149.33,Methane
7251.9,548.3,560.0,50,0.5539,0.0,0.0,0.025087,143.99,Methane
7251.9,584.3,580.0,50,0.5539,0.0,0.0,0.025206,139.05,Methane
7251.9,620.3,600.0,50,0.5539,0.0,0.0,0.025356,134.47,Methane
7251.9,656.3,620.0,50,0.5539,0.0,0.0,0.025533,130.21,Methane
7977.1,80.3,300.0,55,0.5539,0.0,0.0,0.035625,281.91,Methane
7977.1,116.3,320.0,55,0.5539,0.0,0.0,0.033232,266.34,Methane
7977.1,152.3,340.0,55,0.5539,0.0,0.0,0.031352,251.89,Methane
7977.1,188.3,360.0,55,0.5539,0.0,0.0,0.029881,238.58,Methane
7977.1,224.3,380.0,55,0.5539,0.0,0.0,0.028737,226.4,Methane
7977.1,260.3,400.0,55,0.5539,0.0,0.0,0.027856,215.27,Methane
7977.1,296.3,420.0,55,0.5539,0.0,0.0,0.027186,205.12,Methane
7977.1,332.3,440.0,55,0.5539,0.0,0.0,0.026688,195.87,Methane
7977.1,368.3,460.0,55,0.5539,0.0,0.0,0.026327,187.41,Methane
7977.1,404.3,480.0,55,0.5539,0.0,0.0,0.026079,179.68,Methane
7977.1,440.3,500.0,55,0.5539,0.0,0.0,0.025923,172.58,Methane
7977.1,476.3,520.0,55,0.5539,0.0,0.0,0.025842,166.06,Methane
7977.1,512.3,540.0,55,0.5539,0.0,0.0,0.025824,160.04,Methane
7977.1,548.3,560.0,55,0.5539,0.0,0.0,0.025856,154.48,Methane
7977.1,584.3,580.0,55,0.5539,0.0,0.0,0.025932,149.31,Methane
7977.1,620.3,600.0,55,0.5539,0.0,0.0,0.026043,144.51,Methane
7977.1,656.3,620.0,55,0.5539,0.0,0.0,0.026184,140.04,Methane
8702.3,80.3,300.0,60,0.5539,0.0,0.0,0.03747,291.01,Methane
8702.3,116.3,320.0,60,0.5539,0.0,0.0,0.034961,276.01,Methane
8702.3,152.3,340.0,60,0.5539,0.0,0.0,0.032969,262.01,Methane
8702.3,188.3,360.0,60,0.5539,0.0,0.0,0.031388,249.02,Methane
8702.3,224.3,380.0,60,0.5539,0.0,0.0,0.030141,237.04,Methane
8702.3,260.3,400.0,60,0.5539,0.0,0.0,0.029162,226.01,Methane
8702.3,296.3,420.0,60,0.5539,0.0,0.0,0.028402,215.89,Methane
8702.3,332.3,440.0,60,0.5539,0.0,0.0,0.02782,206.59,Methane
8702.3,368.3,460.0,60,0.5539,0.0,0.0,0.027384,198.05,Methane
8702.3,404.3,480.0,60,0.5539,0.0,0.0,0.027066,190.2,Methane
8702.3,440.3,500.0,60,0.5539,0.0,0.0,0.026847,182.95,Methane
8702.3,476.3,520.0,60,0.5539,0.0,0.0,0.026709,176.27,Methane
8702.3,512.3,540.0,60,0.5539,0.0,0.0,0.026638,170.08,Methane
8702.3,548.3,560.0,60,0.5539,0.0,0.0,0.026624,164.33,Methane
8702.3,584.3,580.0,60,0.5539,0.0,0.0,0.026657,158.99,Methane
8702.3,620.3,600.0,60,0.5539,0.0,0.0,0.026729,154.01,Methane
8702.3,656.3,620.0,60,0.5539,0.0,0.0,0.026835,149.35,Methane
9427.5,80.3,300.0,65,0.5539,0.0,0.0,0.039242,299.2,Methane
9427.5,116.3,320.0,65,0.5539,0.0,0.0,0.036626,284.72,Methane
9427.5,152.3,340.0,65,0.5539,0.0,0.0,0.034528,271.13,Methane
9427.5,188.3,360.0,65,0.5539,0.0,0.0,0.032848,258.46,Methane
9427.5,224.3,380.0,65,0.5539,0.0,0.0,0.031504,246.7,Methane
9427.5,260.3,400.0,65,0.5539,0.0,0.0,0.030436,235.82,Methane
9427.5,296.3,420.0,65,0.5539,0.0,0.0,0.029592,225.76,Methane
9427.5,332.3,440.0,65,0.5539,0.0,0.0,0.028932,216.47,Methane
9427.5,368.3,460.0,65,0.5539,0.0,0.0,0.028423,207.89,Methane
9427.5,404.3,480.0,65,0.5539,0.0,0.0,0.02804,199.96,Methane
9427.5,440.3,500.0,65,0.5539,0.0,0.0,0.027761,192.62,Methane
9427.5,476.3,520.0,65,0.5539,0.0,0.0,0.027568,185.81,Methane
9427.5,512.3,540.0,65,0.5539,0.0,0.0,0.027448,179.49,Methane
9427.5,548.3,560.0,65,0.5539,0.0,0.0,0.027388,173.61,Methane
9427.5,584.3,580.0,65,0.5539,0.0,0.0,0.02738,168.12,Methane
9427.5,620.3,600.0,65,0.5539,0.0,0.0,0.027414,162.99,Methane
9427.5,656.3,620.0,65,0.5539,0.0,0.0,0.027486,158.18,Methane
10152.7,80.3,300.0,70,0.5539,0.0,0.0,0.040954,306.65,Methane
10152.7,116.3,320.0,70,0.5539,0.0,0.0,0.038235,292.63,Methane
10152.7,152.3,340.0,70,0.5539,0.0,0.0,0.036038,279.44,Methane
10152.7,188.3,360.0,70,0.5539,0.0,0.0,0.034263,267.07,Methane
10152.7,224.3,380.0,70,0.5539,0.0,0.0,0.032831,255.54,Methane
10152.7,260.3,400.0,70,0.5539,0.0,0.0,0.031678,244.81,Methane
10152.7,296.3,420.0,70,0.5539,0.0,0.0,0.030755,234.84,Methane
10152.7,332.3,440.0,70,0.5539,0.0,0.0,0.030022,225.6,Methane
10152.7,368.3,460.0,70,0.5539,0.0,0.0,0.029446,217.02,Methane
10152.7,404.3,480.0,70,0.5539,0.0,0.0,0.029001,209.05,Methane
10152.7,440.3,500.0,70,0.5539,0.0,0.0,0.028665,201.65,Methane
10152.7,476.3,520.0,70,0.5539,0.0,0.0,0.02842,194.76,Methane
10152.7,512.3,540.0,70,0.5539,0.0,0.0,0.028251,188.34,Methane
10152.7,548.3,560.0,70,0.5539,0.0,0.0,0.028148,182.35,Methane
10152.7,584.3,580.0,70,0.5539,0.0,0.0,0.028099,176.74,Methane
10152.7,620.3,600.0,70,0.5539,0.0,0.0,0.028097,171.49,Methane
10152.7,656.3,620.0,70,0.5539,0.0,0.0,0.028135,166.56,Methane
10877.9,80.3,300.0,75,0.5539,0.0,0.0,0.042615,313.48,Methane
10877.9,116.3,320.0,75,0.5539,0.0,0.0,0.039796,299.89,Methane
10877.9,152.3,340.0,75,0.5539,0.0,0.0,0.037506,287.05,Methane
10877.9,188.3,360.0,75,0.5539,0.0,0.0,0.035641,274.98,Methane
10877.9,224.3,380.0,75,0.5539,0.0,0.0,0.034124,263.67,Methane
10877.9,260.3,400.0,75,0.5539,0.0,0.0,0.032892,253.11,Methane
10877.9,296.3,420.0,75,0.5539,0.0,0.0,0.031895,243.25,Methane
10877.9,332.3,440.0,75,0.5539,0.0,0.0,0.031093,234.07,Methane
10877.9,368.3,460.0,75,0.5539,0.0,0.0,0.030453,225.51,Methane
10877.9,404.3,480.0,75,0.5539,0.0,0.0,0.029948,217.54,Methane
10877.9,440.3,500.0,75,0.5539,0.0,0.0,0.029557,210.1,Methane
10877.9,476.3,520.0,75,0.5539,0.0,0.0,0.029262,203.16,Methane
10877.9,512.3,540.0,75,0.5539,0.0,0.0,0.029048,196.67,Methane
10877.9,548.3,560.0,75,0.5539,0.0,0.0,0.028902,190.6,Methane
10877.9,584.3,580.0,75,0.5539,0.0,0.0,0.028814,184.9,Methane
10877.9,620.3,600.0,75,0.5539,0.0,0.0,0.028777,179.55,Methane
10877.9,656.3,620.0,75,0.5539,0.0,0.0,0.028781,174.52,Methane
11603.0,80.3,300.0,80,0.5539,0.0,0.0,0.044232,319.8,Methane
11603.0,116.3,320.0,80,0.5539,0.0,0.0,0.041317,306.58,Methane
11603.0,152.3,340.0,80,0.5539,0.0,0.0,0.038936,294.08,Methane
11603.0,188.3,360.0,80,0.5539,0.0,0.0,0.036986,282.28,Methane
11603.0,224.3,380.0,80,0.5539,0.0,0.0,0.035388,271.19,Methane
11603.0,260.3,400.0,80,0.5539,0.0,0.0,0.03408,260.79,Methane
11603.0,296.3,420.0,80,0.5539,0.0,0.0,0.033013,251.06,Methane
11603.0,332.3,440.0,80,0.5539,0.0,0.0,0.032144,241.96,Methane
11603.0,368.3,460.0,80,0.5539,0.0,0.0,0.031443,233.44,Methane
11603.0,404.3,480.0,80,0.5539,0.0,0.0,0.030882,225.49,Methane
11603.0,440.3,500.0,80,0.5539,0.0,0.0,0.030439,218.04,Methane
11603.0,476.3,520.0,80,0.5539,0.0,0.0,0.030095,211.06,Methane
11603.0,512.3,540.0,80,0.5539,0.0,0.0,0.029837,204.53,Methane
11603.0,548.3,560.0,80,0.5539,0.0,0.0,0.02965,198.39,Methane
11603.0,584.3,580.0,80,0.5539,0.0,0.0,0.029525,192.63,Methane
11603.0,620.3,600.0,80,0.5539,0.0,0.0,0.029452,187.2,Methane
11603.0,656.3,620.0,80,0.5539,0.0,0.0,0.029425,182.08,Methane
12328.2,80.3,300.0,85,0.5539,0.0,0.0,0.04581,325.67,Methane
12328.2,116.3,320.0,85,0.5539,0.0,0.0,0.042802,312.8,Methane
12328.2,152.3,340.0,85,0.5539,0.0,0.0,0.040333,300.6,Methane
12328.2,188.3,360.0,85,0.5539,0.0,0.0,0.038301,289.06,Methane
12328.2,224.3,380.0,85,0.5539,0.0,0.0,0.036626,278.18,Methane
12328.2,260.3,400.0,85,0.5539,0.0,0.0,0.035245,267.95,Methane
12328.2,296.3,420.0,85,0.5539,0.0,0.0,0.03411,258.35,Methane
12328.2,332.3,440.0,85,0.5539,0.0,0.0,0.033179,249.33,Methane
12328.2,368.3,460.0,85,0.5539,0.0,0.0,0.032419,240.88,Methane
12328.2,404.3,480.0,85,0.5539,0.0,0.0,0.031803,232.95,Methane
12328.2,440.3,500.0,85,0.5539,0.0,0.0,0.03131,225.51,Methane
12328.2,476.3,520.0,85,0.5539,0.0,0.0,0.03092,218.52,Methane
12328.2,512.3,540.0,85,0.5539,0.0,0.0,0.030618,211.95,Methane
12328.2,548.3,560.0,85,0.5539,0.0,0.0,0.030392,205.78,Methane
12328.2,584.3,580.0,85,0.5539,0.0,0.0,0.03023,199.96,Methane
12328.2,620.3,600.0,85,0.5539,0.0,0.0,0.030123,194.47,Methane
12328.2,656.3,620.0,85,0.5539,0.0,0.0,0.030065,189.28,Methane
13053.4,80.3,300.0,90,0.5539,0.0,0.0,0.047356,331.15,Methane
13053.4,116.3,320.0,90,0.5539,0.0,0.0,0.044257,318.61,Methane
13053.4,152.3,340.0,90,0.5539,0.0,0.0,0.041703,306.68,Methane
13053.4,188.3,360.0,90,0.5539,0.0,0.0,0.03959,295.39,Methane
13053.4,224.3,380.0,90,0.5539,0.0,0.0,0.03784,284.72,Methane
13053.4,260.3,400.0,90,0.5539,0.0,0.0,0.03639,274.65,Methane
13053.4,296.3,420.0,90,0.5539,0.0,0.0,0.035189,265.17,Methane
13053.4,332.3,440.0,90,0.5539,0.0,0.0,0.034197,256.25,Methane
13053.4,368.3,460.0,90,0.5539,0.0,0.0,0.033381,247.86,Methane
13053.4,404.3,480.0,90,0.5539,0.0,0.0,0.032713,239.97,Methane
13053.4,440.3,500.0,90,0.5539,0.0,0.0,0.032171,232.55,Methane
13053.4,476.3,520.0,90,0.5539,0.0,0.0,0.031736,225.56,Methane
13053.4,512.3,540.0,90,0.5539,0.0,0.0,0.031392,218.98,Methane
13053.4,548.3,560.0,90,0.5539,0.0,0.0,0.031127,212.78,Methane
13053.4,584.3,580.0,90,0.5539,0.0,0.0,0.03093,206.92,Methane
13053.4,620.3,600.0,90,0.5539,0.0,0.0,0.03079,201.39,Methane
13053.4,656.3,620.0,90,0.5539,0.0,0.0,0.030701,196.15,Methane
13778.6,80.3,300.0,95,0.5539,0.0,0.0,0.048874,336.3,Methane
13778.6,116.3,320.0,95,0.5539,0.0,0.0,0.045685,324.05,Methane
13778.6,152.3,340.0,95,0.5539,0.0,0.0,0.043047,312.39,Methane
13778.6,188.3,360.0,95,0.5539,0.0,0.0,0.040857,301.32,Methane
13778.6,224.3,380.0,95,0.5539,0.0,0.0,0.039034,290.84,Methane
13778.6,260.3,400.0,95,0.5539,0.0,0.0,0.037516,280.94,Methane
13778.6,296.3,420.0,95,0.5539,0.0,0.0,0.036252,271.58,Methane
13778.6,332.3,440.0,95,0.5539,0.0,0.0,0.035201,262.76,Methane
13778.6,368.3,460.0,95,0.5539,0.0,0.0,0.03433,254.45,Methane
13778.6,404.3,480.0,95,0.5539,0.0,0.0,0.033611,246.61,Methane
13778.6,440.3,500.0,95,0.5539,0.0,0.0,0.033022,239.21,Methane
13778.6,476.3,520.0,95,0.5539,0.0,0.0,0.032543,232.24,Methane
13778.6,512.3,540.0,95,0.5539,0.0,0.0,0.032159,225.65,Methane
13778.6,548.3,560.0,95,0.5539,0.0,0.0,0.031857,219.43,Methane
13778.6,584.3,580.0,95,0.5539,0.0,0.0,0.031624,213.55,Methane
13778.6,620.3,600.0,95,0.5539,0.0,0.0,0.031453,207.98,Methane
13778.6,656.3,620.0,95,0.5539,0.0,0.0,0.031334,202.7,Methane
14503.8,80.3,300.0,100,0.5539,0.0,0.0,0.050366,341.16,Methane
14503.8,116.3,320.0,100,0.5539,0.0,0.0,0.04709,329.18,Methane
14503.8,152.3,340.0,100,0.5539,0.0,0.0,0.04437,317.76,Methane
14503.8,188.3,360.0,100,0.5539,0.0,0.0,0.042103,306.91,Methane
14503.8,224.3,380.0,100,0.5539,0.0,0.0,0.040209,296.61,Methane
14503.8,260.3,400.0,100,0.5539,0.0,0.0,0.038625,286.86,Methane
14503.8,296.3,420.0,100,0.5539,0.0,0.0,0.0373,277.63,Methane
14503.8,332.3,440.0,100,0.5539,0.0,0.0,0.036192,268.91,Methane
14503.8,368.3,460.0,100,0.5539,0.0,0.0,0.035267,260.67,Methane
14503.8,404.3,480.0,100,0.5539,0.0,0.0,0.034499,252.88,Methane
14503.8,440.3,500.0,100,0.5539,0.0,0.0,0.033864,245.53,Methane
14503.8,476.3,520.0,100,0.5539,0.0,0.0,0.033343,238.57,Methane
14503.8,512.3,540.0,100,0.5539,0.0,0.0,0.032919,232.0,Methane
14503.8,548.3,560.0,100,0.5539,0.0,0.0,0.03258,225.77,Methane
14503.8,584.3,580.0,100,0.5539,0.0,0.0,0.032314,219.87,Methane
14503.8,620.3,600.0,100,0.5539,0.0,0.0,0.032111,214.28,Methane
14503.8,656.3,620.0,100,0.5539,0.0,0.0,0.031962,208.97,Methane
15954.2,80.3,300.0,110,0.5539,0.0,0.0,0.053287,350.12,Methane
15954.2,116.3,320.0,110,0.5539,0.0,0.0,0.049841,338.62,Methane
15954.2,152.3,340.0,110,0.5539,0.0,0.0,0.046961,327.64,Methane
15954.2,188.3,360.0,110,0.5539,0.0,0.0,0.044546,317.18,Methane
15954.2,224.3,380.0,110,0.5539,0.0,0.0,0.042514,307.22,Methane
15954.2,260.3,400.0,110,0.5539,0.0,0.0,0.040802,297.75,Methane
15954.2,296.3,420.0,110,0.5539,0.0,0.0,0.039357,288.77,Methane
15954.2,332.3,440.0,110,0.5539,0.0,0.0,0.038138,280.25,Methane
15954.2,368.3,460.0,110,0.5539,0.0,0.0,0.037111,272.17,Methane
15954.2,404.3,480.0,110,0.5539,0.0,0.0,0.036248,264.5,Methane
15954.2,440.3,500.0,110,0.5539,0.0,0.0,0.035524,257.24,Methane
15954.2,476.3,520.0,110,0.5539,0.0,0.0,0.034921,250.34,Methane
15954.2,512.3,540.0,110,0.5539,0.0,0.0,0.034421,243.8,Methane
15954.2,548.3,560.0,110,0.5539,0.0,0.0,0.034011,237.58,Methane
15954.2,584.3,580.0,110,0.5539,0.0,0.0,0.033679,231.67,Methane
15954.2,620.3,600.0,110,0.5539,0.0,0.0,0.033414,226.06,Methane
15954.2,656.3,620.0,110,0.5539,0.0,0.0,0.033209,220.71,Methane
17404.6,80.3,300.0,120,0.5539,0.0,0.0,0.05614,358.24,Methane
17404.6,116.3,320.0,120,0.5539,0.0,0.0,0.052528,347.16,Methane
17404.6,152.3,340.0,120,0.5539,0.0,0.0,0.049494,336.56,Methane
17404.6,188.3,360.0,120,0.5539,0.0,0.0,0.046934,326.44,Methane
17404.6,224.3,380.0,120,0.5539,0.0,0.0,0.044769,316.79,Methane
17404.6,260.3,400.0,120,0.5539,0.0,0.0,0.042932,307.6,Methane
17404.6,296.3,420.0,120,0.5539,0.0,0.0,0.041372,298.84,Methane
17404.6,332.3,440.0,120,0.5539,0.0,0.0,0.040047,290.51,Methane
17404.6,368.3,460.0,120,0.5539,0.0,0.0,0.038921,282.59,Methane
17404.6,404.3,480.0,120,0.5539,0.0,0.0,0.037966,275.05,Methane
17404.6,440.3,500.0,120,0.5539,0.0,0.0,0.037157,267.88,Methane
17404.6,476.3,520.0,120,0.5539,0.0,0.0,0.036474,261.06,Methane
17404.6,512.3,540.0,120,0.5539,0.0,0.0,0.035901,254.57,Methane
17404.6,548.3,560.0,120,0.5539,0.0,0.0,0.035423,248.39,Methane
17404.6,584.3,580.0,120,0.5539,0.0,0.0,0.035027,242.5,Methane
17404.6,620.3,600.0,120,0.5539,0.0,0.0,0.034703,236.88,Methane
17404.6,656.3,620.0,120,0.5539,0.0,0.0,0.034443,231.52,Methane
18854.9,80.3,300.0,130,0.5539,0.0,0.0,0.058941,365.68,Methane
18854.9,116.3,320.0,130,0.5539,0.0,0.0,0.055167,354.96,Methane
18854.9,152.3,340.0,130,0.5539,0.0,0.0,0.051981,344.71,Methane
18854.9,188.3,360.0,130,0.5539,0.0,0.0,0.049281,334.89,Methane
18854.9,224.3,380.0,130,0.5539,0.0,0.0,0.046985,325.52,Methane
18854.9,260.3,400.0,130,0.5539,0.0,0.0,0.045027,316.57,Methane
18854.9,296.3,420.0,130,0.5539,0.0,0.0,0.043355,308.02,Methane
18854.9,332.3,440.0,130,0.5539,0.0,0.0,0.041925,299.88,Methane
18854.9,368.3,460.0,130,0.5539,0.0,0.0,0.040703,292.11,Methane
18854.9,404.3,480.0,130,0.5539,0.0,0.0,0.039659,284.7,Methane
18854.9,440.3,500.0,130,0.5539,0.0,0.0,0.038767,277.64,Methane
18854.9,476.3,520.0,130,0.5539,0.0,0.0,0.038008,270.9,Methane
18854.9,512.3,540.0,130,0.5539,0.0,0.0,0.037363,264.47,Methane
18854.9,548.3,560.0,130,0.5539,0.0,0.0,0.036818,258.34,Methane
18854.9,584.3,580.0,130,0.5539,0.0,0.0,0.03636,252.48,Methane
18854.9,620.3,600.0,130,0.5539,0.0,0.0,0.035979,246.87,Methane
18854.9,656.3,620.0,130,0.5539,0.0,0.0,0.035665,241.52,Methane
20305.3,80.3,300.0,140,0.5539,0.0,0.0,0.061702,372.54,Methane
20305.3,116.3,320.0,140,0.5539,0.0,0.0,0.057769,362.15,Methane
20305.3,152.3,340.0,140,0.5539,0.0,0.0,0.054435,352.2,Methane
20305.3,188.3,360.0,140,0.5539,0.0,0.0,0.051596,342.66,Methane
20305.3,224.3,380.0,140,0.5539,0.0,0.0,0.049171,333.54,Methane
20305.3,260.3,400.0,140,0.5539,0.0,0.0,0.047094,324.81,Methane
20305.3,296.3,420.0,140,0.5539,0.0,0.0,0.045312,316.47,Methane
20305.3,332.3,440.0,140,0.5539,0.0,0.0,0.043781,308.49,Methane
20305.3,368.3,460.0,140,0.5539,0.0,0.0,0.042464,300.87,Methane
20305.3,404.3,480.0,140,0.5539,0.0,0.0,0.041332,293.59,Methane
20305.3,440.3,500.0,140,0.5539,0.0,0.0,0.04036,286.64,Methane
20305.3,476.3,520.0,140,0.5539,0.0,0.0,0.039525,279.99,Methane
20305.3,512.3,540.0,140,0.5539,0.0,0.0,0.03881,273.63,Methane
20305.3,548.3,560.0,140,0.5539,0.0,0.0,0.0382,267.55,Methane
20305.3,584.3,580.0,140,0.5539,0.0,0.0,0.037682,261.73,Methane
20305.3,620.3,600.0,140,0.5539,0.0,0.0,0.037245,256.15,Methane
20305.3,656.3,620.0,140,0.5539,0.0,0.0,0.036878,250.81,Methane
21755.7,80.3,300.0,150,0.5539,0.0,0.0,0.064432,378.92,Methane
21755.7,116.3,320.0,150,0.5539,0.0,0.0,0.060343,368.82,Methane
21755.7,152.3,340.0,150,0.5539,0.0,0.0,0.056862,359.14,Methane
21755.7,188.3,360.0,150,0.5539,0.0,0.0,0.053888,349.85,Methane
21755.7,224.3,380.0,150,0.5539,0.0,0.0,0.051336,340.96,Methane
21755.7,260.3,400.0,150,0.5539,0.0,0.0,0.049142,332.43,Methane
21755.7,296.3,420.0,150,0.5539,0.0,0.0,0.047251,324.28,Methane
21755.7,332.3,440.0,150,0.5539,0.0,0.0,0.045619,316.46,Methane
21755.7,368.3,460.0,150,0.5539,0.0,0.0,0.04421,308.99,Methane
21755.7,404.3,480.0,150,0.5539,0.0,0.0,0.042991,301.83,Methane
21755.7,440.3,500.0,150,0.5539,0.0,0.0,0.041939,294.98,Methane
21755.7,476.3,520.0,150,0.5539,0.0,0.0,0.04103,288.42,Methane
21755.7,512.3,540.0,150,0.5539,0.0,0.0,0.040246,282.14,Methane
21755.7,548.3,560.0,150,0.5539,0.0,0.0,0.039573,276.11,Methane
21755.7,584.3,580.0,150,0.5539,0.0,0.0,0.038995,270.34,Methane
21755.7,620.3,600.0,150,0.5539,0.0,0.0,0.038502,264.8,Methane
21755.7,656.3,620.0,150,0.5539,0.0,0.0,0.038084,259.49,Methane
23206.1,80.3,300.0,160,0.5539,0.0,0.0,0.067139,384.88,Methane
23206.1,116.3,320.0,160,0.5539,0.0,0.0,0.062896,375.05,Methane
23206.1,152.3,340.0,160,0.5539,0.0,0.0,0.059272,365.61,Methane
23206.1,188.3,360.0,160,0.5539,0.0,0.0,0.056162,356.55,Methane
23206.1,224.3,380.0,160,0.5539,0.0,0.0,0.053485,347.86,Methane
23206.1,260.3,400.0,160,0.5539,0.0,0.0,0.051175,339.53,Methane
23206.1,296.3,420.0,160,0.5539,0.0,0.0,0.049177,331.54,Methane
23206.1,332.3,440.0,160,0.5539,0.0,0.0,0.047445,323.89,Methane
23206.1,368.3,460.0,160,0.5539,0.0,0.0,0.045944,316.54,Methane
23206.1,404.3,480.0,160,0.5539,0.0,0.0,0.04464,309.51,Methane
23206.1,440.3,500.0,160,0.5539,0.0,0.0,0.043508,302.76,Methane
23206.1,476.3,520.0,160,0.5539,0.0,0.0,0.042526,296.29,Methane
23206.1,512.3,540.0,160,0.5539,0.0,0.0,0.041675,290.08,Methane
23206.1,548.3,560.0,160,0.5539,0.0,0.0,0.040938,284.12,Methane
23206.1,584.3,580.0,160,0.5539,0.0,0.0,0.040301,278.39,Methane
23206.1,620.3,600.0,160,0.5539,0.0,0.0,0.039753,272.9,Methane
23206.1,656.3,620.0,160,0.5539,0.0,0.0,0.039284,267.61,Methane
24656.5,80.3,300.0,170,0.5539,0.0,0.0,0.069831,390.48,Methane
24656.5,116.3,320.0,170,0.5539,0.0,0.0,0.065436,380.89,Methane
24656.5,152.3,340.0,170,0.5539,0.0,0.0,0.061668,371.68,Methane
24656.5,188.3,360.0,170,0.5539,0.0,0.0,0.058425,362.83,Methane
24656.5,224.3,380.0,170,0.5539,0.0,0.0,0.055624,354.33,Methane
24656.5,260.3,400.0,170,0.5539,0.0,0.0,0.053199,346.17,Methane
24656.5,296.3,420.0,170,0.5539,0.0,0.0,0.051094,338.34,Methane
24656.5,332.3,440.0,170,0.5539,0.0,0.0,0.049264,330.83,Methane
24656.5,368.3,460.0,170,0.5539,0.0,0.0,0.04767,323.61,Methane
24656.5,404.3,480.0,170,0.5539,0.0,0.0,0.046282,316.69,Methane
24656.5,440.3,500.0,170,0.5539,0.0,0.0,0.045072,310.04,Methane
24656.5,476.3,520.0,170,0.5539,0.0,0.0,0.044017,303.66,Methane
24656.5,512.3,540.0,170,0.5539,0.0,0.0,0.043098,297.52,Methane
24656.5,548.3,560.0,170,0.5539,0.0,0.0,0.042298,291.63,Methane
24656.5,584.3,580.0,170,0.5539,0.0,0.0,0.041603,285.96,Methane
24656.5,620.3,600.0,170,0.5539,0.0,0.0,0.041001,280.5,Methane
24656.5,656.3,620.0,170,0.5539,0.0,0.0,0.04048,275.26,Methane
